id,f1,f2,f3,f4,f5,target
1,-5.0716,-0.556,2.758,594.0992,-2.9956,1.5642
2,-7.1652,-11.3157,9.9219,694.063,2.3319,-0.7565
3,-0.8011,-1.5835,0.607,444.3953,-2.0911,-0.6231
4,-5.6742,3.3192,5.6742,516.6601,-1.6776,-0.8284
5,-4.1731,-2.9606,4.3234,546.7085,2.3516,2.2904
6,,-5.432,10.5632,432.3823,-1.7801,0.8298
7,-1.0135,0.8045,11.9819,654.0792,-5.1427,-0.9707
8,,0.683,8.6297,434.0477,4.6528,0.6275
9,-3.1688,3.1658,5.3065,663.5708,2.8725,-2.3094
10,-2.8032,-4.7721,0.694,614.9684,-3.9032,2.8433
11,-6.415,5.1873,1.2311,270.9319,-3.0978,-0.2821
12,-5.0281,-3.155,6.9992,473.3021,2.8852,2.1188
13,0.608,0.1213,14.4419,341.9796,4.6593,-0.6098
14,-1.7286,-0.1819,4.0701,530.155,4.3253,-0.5493
15,-3.2513,7.3484,8.3607,505.0806,-4.158,1.6006
16,-1.1652,-3.446,3.414,354.7981,-1.9489,-0.3015
17,0.2936,3.9094,6.9919,440.0863,-5.4417,2.4987
18,-6.1584,-5.5843,8.4492,851.6081,-4.0966,-2.651
19,-1.0566,5.528,2.365,,-2.2021,0.8174
20,-3.3442,-3.3609,2.3037,,1.6508,0.8586
21,-6.393,3.1482,2.6304,186.9396,2.114,-4.0529
22,0.7951,3.3805,6.8792,451.173,2.8629,2.6595
23,-5.5667,3.1131,4.7671,634.3776,-1.9009,-1.9142
24,-6.4974,11.9173,7.9947,452.7083,3.9596,3.7302
25,-3.0527,6.8557,6.3584,385.2848,-1.9581,0.365
26,-6.6761,5.4489,8.3132,685.5308,1.9241,1.133
27,-5.7113,-4.1401,4.182,839.3853,-4.0414,2.8062
28,0.302,-2.1828,3.5944,507.0023,-3.7098,-1.4673
29,-1.5363,-6.7389,1.3524,663.5366,-2.7261,2.0203
30,-4.3296,-6.424,6.7036,566.7287,-3.2402,-2.2971
31,-5.126,4.9304,2.5201,444.0836,2.8526,0.0355
32,-3.9515,-5.0249,10.5422,572.0917,3.2076,-0.3512
33,-0.5555,1.4837,5.2391,508.6631,-3.0447,0.926
34,-4.4185,-0.8625,4.5253,866.2683,3.2909,1.218
35,-4.3165,3.0995,11.8023,450.3784,3.7476,-1.2608
36,-3.2482,0.5387,10.5552,554.3676,2.41,-1.3552
37,-3.3499,-2.0075,9.7264,580.8562,-2.2794,-0.2136
38,0.9259,8.8551,8.6067,570.4395,1.3322,4.8068
39,-6.2387,-1.8196,4.8691,403.5274,-1.8877,2.9859
40,-0.6073,2.04,1.1161,431.3275,2.2765,-0.6837
41,-0.9623,-0.4683,5.3146,461.9435,-2.6354,-0.1357
42,-7.8733,-1.4496,4.9792,623.7837,-2.9272,3.1155
43,1.7919,-1.1473,4.9727,552.4742,-4.0297,-1.3297
44,-8.2896,-9.5474,11.0927,816.5514,3.7985,1.5199
45,-1.5736,9.282,3.1704,481.1311,2.5313,1.8603
46,-4.367,5.802,0.5125,270.8629,-2.3397,-2.6319
47,-3.2116,-0.1012,3.0759,492.2628,2.2963,-0.1972
48,-7.6081,5.747,4.9116,396.8968,-3.288,5.2135
49,-3.2597,-0.2062,2.0257,406.2841,-2.0672,-0.7642
50,-1.6919,8.0886,1.6361,607.7093,-3.4381,0.9656
51,-5.8774,10.5102,5.601,378.7604,2.0385,4.2868
52,2.0278,2.8309,6.6603,482.9185,-3.3068,3.381
53,0.8332,3.2006,0.6315,463.1271,2.8746,2.533
54,-5.5844,-1.1838,13.5344,622.7823,-4.0904,0.8799
55,-3.0377,1.1989,1.9892,611.956,-3.5606,0.1551
56,-1.5386,3.6821,8.0204,594.1554,-3.8607,-1.8599
57,-8.1001,-6.6988,1.2219,552.044,2.0189,-4.4294
58,1.7472,-7.1004,7.7682,400.9428,1.6829,-4.1783
59,1.4487,-6.8566,4.0,583.9492,3.0164,-4.8174
60,-4.6581,-0.7014,9.1522,778.2678,-2.7054,-0.7762
61,-2.1772,1.8148,5.0783,717.551,3.2267,-0.871
62,-5.1372,-10.0477,5.7873,357.3338,-5.1593,-4.0535
63,-4.7176,0.229,3.0499,642.3886,2.1864,0.7653
64,-4.5699,3.9135,13.598,564.0476,2.3652,-1.4959
65,-4.3045,-2.0573,5.0754,,3.9717,2.0497
66,3.706,1.1665,2.372,572.4395,-4.2596,2.0929
67,-7.8095,0.1831,13.1373,614.6281,4.0127,-0.851
68,-9.086,4.1049,7.268,307.9082,1.7604,4.443
69,-2.639,5.1431,5.4291,377.6612,-2.7742,-0.2881
70,-7.1788,-14.6135,2.5148,749.4563,-2.9157,-2.4814
71,-7.9774,-6.8499,3.4335,658.5565,-2.6614,-3.3074
72,0.0919,-1.287,2.8154,375.6285,-3.6501,-1.4198
73,-4.4359,5.6142,4.8645,292.4211,-3.5539,-0.7672
74,-0.7302,-2.7534,6.2672,585.3155,2.543,-1.2413
75,-7.5378,6.6939,3.9432,556.6568,4.5858,6.6653
76,-0.9355,-4.773,3.0928,291.907,3.4266,-0.7019
77,-3.1072,-5.0589,4.0175,700.2657,2.2932,2.7574
78,-7.0912,-2.4207,6.6413,395.556,3.1754,3.1134
79,-3.3998,0.7652,10.5866,525.0224,4.5253,-0.4695
80,-0.6429,-1.8191,7.6525,407.06,-1.6884,0.6166
81,-7.49,3.7724,3.8217,281.4714,-3.9046,0.0559
82,1.3711,2.1747,13.0123,436.8521,-3.3341,2.1361
83,0.8902,-0.8002,2.1046,540.1544,-3.6701,0.286
84,1.4692,8.0028,12.7448,474.7791,-1.8947,6.3882
85,-8.1339,-0.1178,13.3357,675.9046,3.2977,-0.1809
86,-5.7406,3.8854,1.1788,331.6774,2.8719,-2.6317
87,-9.4484,-0.7457,8.5653,644.9139,-2.2762,0.8221
88,-3.5304,1.1712,3.1685,509.9212,3.3705,-0.6674
89,-1.1557,6.8276,9.4946,469.9619,2.0001,0.9443
90,-7.6822,-0.5245,2.2831,505.8342,-4.348,1.0964
91,-6.7205,-1.9739,8.3287,,-2.9555,1.8524
92,-7.2671,6.4668,4.8058,220.3595,-1.253,4.4056
93,-1.9288,-5.2928,11.6991,180.7026,-2.6731,3.6246
94,,2.4595,6.1816,422.3049,3.4925,-0.5502
95,-8.2318,29.881633718986425,3.8173,426.4749,-3.7522,13.7291
96,-5.3263,1.8288,6.8297,553.9229,-3.4417,-1.9301
97,-4.0432,6.3683,5.8931,,-3.5135,1.1954
98,0.0352,0.7155,3.7522,543.0831,-3.9455,0.8268
99,-5.4246,1.0899,5.4919,332.4287,-2.9826,-0.7683
100,-2.9706,0.3631,6.572,567.2871,-2.1857,-0.4244
101,-1.5339,-0.6588,0.2865,508.318,2.9928,-0.0063
102,-8.0063,-3.8143,6.2935,412.6599,-2.2354,0.5185
103,-2.956,-2.4715,1.1935,584.7871,1.7957,2.5215
104,-3.0306,9.0254,6.2801,443.0138,3.0597,2.8519
105,-5.238,0.7959,11.9483,477.0905,-4.6866,-0.5486
106,-3.3144,-5.7149,6.4768,475.5632,-3.4507,0.4387
107,1.9088,0.5729,15.3675,272.7328,-4.2039,-0.0404
108,-5.5124,-4.5981,3.9199,537.832,2.6611,-0.0223
109,-6.7583,4.8819,13.8683,632.5437,-3.2815,1.4608
110,-6.7075,-1.4082,2.4558,435.1398,-2.5081,1.7361
111,-1.0172,-3.9927,3.2355,763.4567,-4.0259,1.975
112,-9.1124,-6.35,18.8795,621.4769,3.9513,-3.1918
113,0.5748,2.2753,2.5197,344.4011,2.1219,-0.3888
114,-1.11,6.3567,5.0034,387.9167,-2.3606,-0.0217
115,-8.081,0.9174,9.4545,570.943,-2.5367,-2.1236
116,-4.4999,-3.6878,2.4205,463.8028,1.7156,1.1967
117,-0.4019,7.2421,4.7976,528.6386,4.269,2.6421
118,-1.4367,-6.6401,1.2355,599.9814,-3.3028,1.0683
119,-7.5238,-2.3369,6.8588,474.6842,3.4827,2.7369
120,1.582,-6.145,5.8189,675.9341,-4.2319,-4.5541
121,-8.8077,-5.1574,4.0961,631.4319,-3.1625,-3.5254
122,-3.7829,-1.3457,5.2354,231.4024,-3.9053,2.1573
123,0.7587,2.7559,5.8153,835.3141,-2.5392,0.5897
124,-9.855,-2.6403,4.1338,405.4332,2.9808,1.5271
125,-1.7885,4.4513,1.9677,400.7097,-1.4893,-1.2982
126,-7.0645,-1.1255,16.5188,586.1843,2.6715,1.8527
127,2.166,5.7457,1.5844,648.7781,1.7285,5.8197
128,-7.3148,0.0202,0.7484,388.445,-2.9198,-0.9387
129,-7.3597,1.6461,5.1037,399.8087,-4.9501,-1.414
130,2.0867,-4.4777,4.836,487.567,-3.5,-4.7333
131,-1.0406,4.792,3.662,447.5452,-3.1086,0.3558
132,-5.9393,-2.2063,11.1934,149.607,-3.5242,4.5813
133,-7.3583,-0.0164,2.69,516.0929,1.8837,0.5041
134,-5.107,0.3445,5.5249,653.7161,2.32,-0.2675
135,-5.3348,-2.2068,3.6042,636.7625,-3.7841,3.0438
136,-9.6778,8.8084,6.5993,,-1.4672,2.4797
137,-1.9707,0.6486,5.6607,647.6855,3.2002,-0.7797
138,-7.4276,-4.7289,5.7886,470.0105,4.4357,-3.0972
139,-0.0447,2.1871,9.7816,218.08,4.7418,1.8755
140,-2.5199,-3.9621,4.9279,329.6852,3.1584,1.5302
141,,6.3954,18.375,375.2043,5.3609,3.1697
142,-8.7922,8.2637,0.2364,719.102,1.3538,0.1264
143,1.0986,-1.2866,2.8737,,-4.1311,-1.4676
144,1.8305,1.9963,9.9568,276.9269,-3.2234,3.3115
145,-7.2367,-5.9391,1.6527,574.1746,-2.2147,-4.091
146,-4.4652,3.5609,0.2516,636.3406,3.5033,-0.4798
147,-5.7117,5.8709,9.1573,614.6237,4.1259,1.5211
148,-8.6742,-3.5272,7.1462,586.5381,2.2979,-0.6736
149,-5.4254,-6.1437,5.2508,300.2379,1.9136,-1.0083
150,-3.0834,0.366,1.2705,303.3632,-3.95,-2.0256
151,-4.5292,24.10420186307654,3.0646,683.3603,-2.8554,9.271
152,-4.2365,-2.5449,3.1707,767.3036,3.6201,3.3907
153,-5.6563,-5.0798,5.2068,239.491,4.2688,1.1166
154,-1.9281,5.9471,6.2791,540.4406,2.4562,-0.1472
155,-5.6465,-0.9246,4.031,408.3856,-1.4232,1.4569
156,-3.1837,-2.1104,7.3805,576.5148,-3.7727,0.3988
157,-7.4738,8.1661,5.0779,378.0314,4.352,4.0771
158,2.404,1.5477,4.0125,402.7801,2.0318,1.6356
159,-7.5044,-4.1176,11.4593,552.4475,-2.7641,-1.9561
160,-2.9396,-1.4076,12.5298,273.7086,3.5604,1.3894
161,-8.5253,6.5051,2.7331,401.141,0.6578,4.1168
162,-8.6649,-4.7782,18.8962,556.4583,2.4622,-4.7058
163,-6.4323,-6.6275,1.5991,477.7732,-3.1073,-5.5387
164,-7.7632,2.0624,2.2904,349.2943,2.2327,-3.2438
165,-5.5335,7.2874,1.429,565.5152,-2.8415,5.9504
166,-5.4662,4.3229,1.5965,360.3252,-3.0281,-2.268
167,-6.7089,5.067,11.3887,378.6809,-3.0819,3.8527
168,-8.8645,3.3788,3.1329,370.2051,-2.4327,0.7091
169,-2.6076,4.9196,9.1087,222.262,-2.7727,-0.9509
170,-6.7381,-5.7887,8.2619,456.5118,2.6114,-3.857
171,-5.7154,4.0386,2.8714,490.4375,3.3963,-0.5534
172,-5.6806,-0.9402,13.8608,515.6813,3.4732,1.2971
173,-2.488,-0.6551,6.6791,356.2881,3.0848,0.9582
174,-9.3891,24.936642988742094,1.1227,692.2243,4.4011,9.3639
175,-5.0895,-3.2032,3.8864,427.2567,2.9657,2.1126
176,-6.5243,3.2044,0.5763,714.9482,-4.7189,-0.7524
177,-7.3804,-6.5921,21.5403,512.801,-2.347,-6.5701
178,-6.9468,-3.4973,3.331,430.2615,3.9587,0.6236
179,-0.1698,-2.4591,3.2507,514.086,2.6437,-0.8383
180,,0.4389,21.2773,498.2615,3.8378,-0.5602
181,-6.4343,0.2324,3.323,785.1333,3.9164,0.1374
182,-3.0688,4.3422,5.7419,245.7473,-2.796,-1.0392
183,-8.2241,-1.415,2.5561,707.8157,2.6354,3.943
184,-7.4446,3.5379,4.9234,440.0266,4.9874,0.9182
185,-2.8468,-2.5874,7.7463,360.6896,-3.5472,2.5072
186,-2.4335,1.6854,3.8977,673.8132,-1.3238,-0.59
187,-5.8539,-5.16,9.965,690.7545,1.6906,-2.2877
188,-3.7056,0.8785,2.5391,423.8461,0.1058,-0.9925
189,2.8681,4.8434,0.5719,422.93,-2.7478,4.117
190,-3.8134,-5.7229,8.2121,98.0023,-2.7167,4.4222
191,-7.8005,7.4741,2.0392,692.9378,-4.6041,4.5204
192,-2.5326,-9.5024,2.9812,377.6318,1.9168,-1.9748
193,2.293,0.6944,0.8428,541.2873,2.0837,1.3327
194,1.2855,-7.0264,4.1244,657.9682,2.4048,-3.6103
195,-8.0812,1.4594,2.1427,322.1222,-4.4781,-3.8625
196,-4.1426,-5.9042,3.9472,387.9346,-3.932,-0.2396
197,-2.951,1.4294,10.0882,466.3639,1.9255,-0.2195
198,-5.1501,2.7441,5.2466,469.5614,2.2178,-1.0165
199,-6.1241,1.525,8.0257,394.346,-5.1768,-0.3553
200,1.7124,9.2874,3.7364,492.243,-2.7194,7.5739
201,-3.9995,-3.6452,6.054,797.784,2.3691,2.0474
202,-4.7453,6.6209,2.0824,538.913,3.2094,3.8138
203,-3.6059,-6.3913,3.3984,351.1011,2.282,0.4659
204,-6.612,-5.8933,6.5041,520.4187,5.7067,-4.5604
205,-7.7613,4.7927,0.7658,296.1198,4.5203,0.6621
206,-5.514,-0.4086,8.107,565.6928,3.7148,0.0381
207,0.6017,2.3544,2.8894,449.1637,-3.8893,1.4037
208,-2.1976,0.2312,1.7285,582.6219,-2.6311,0.7423
209,-8.984,-5.6597,3.5796,733.0032,-3.5446,-2.0145
210,-3.89,-8.1188,8.0882,375.1894,3.9133,-0.9681
211,-5.1864,5.9136,3.8748,681.4297,-3.2224,1.6141
212,-4.1528,0.4185,4.2222,654.1329,0.9885,-0.5914
213,-7.5438,-1.8014,3.4286,435.1818,2.4262,2.4403
214,-0.6816,0.7282,12.5513,387.8322,-4.2353,0.8305
215,-2.7959,1.5037,0.6941,525.0504,-2.9871,0.0273
216,-4.6414,-0.1759,3.5153,498.2585,4.9802,0.1729
217,-7.8479,-2.6331,10.7452,663.0295,2.2343,0.8657
218,-6.2545,3.1865,4.3397,264.6351,-3.4971,-2.259
219,-5.535,-1.7026,5.0695,636.197,-2.7288,1.7191
220,3.1893,-6.4799,0.4969,477.125,-3.1261,-6.3845
221,-6.2038,-6.7307,1.9356,695.9926,0.9187,-2.6219
222,0.2862,-1.0166,2.3881,523.0293,-3.4828,-0.2652
223,-1.1912,11.0913,0.7107,274.2081,-3.4218,-3.1935
224,-8.6491,1.3009,6.2578,722.7825,-2.5996,-2.9783
225,-1.0169,0.8506,10.0713,631.136,-3.7011,-1.1566
226,-1.9077,-2.0877,5.0902,373.7739,-3.6326,0.9088
227,-2.7609,3.2364,15.192,508.3095,-3.6119,-1.0871
228,-5.4557,5.3626,3.626,418.3568,-1.718,1.3729
229,3.2363,-1.5324,3.4469,427.4774,-3.2043,-2.3584
230,-6.0789,5.2874,3.8652,559.8507,3.4782,3.7129
231,0.025,5.9999,2.0425,571.492,2.047,3.3311
232,-7.1177,0.3463,3.2738,409.3229,-1.8398,-0.535
233,-2.7079,-3.4184,4.3631,466.9156,-3.7335,0.7099
234,-4.6969,1.2297,3.2416,418.2695,-0.9038,-1.0862
235,-9.7742,24.64832445376386,0.5756,342.3437,1.6006,6.8112
236,-6.2952,-2.5868,1.6391,538.3917,3.964,2.4251
237,-4.5837,6.5203,6.3218,496.8001,3.5185,3.0845
238,-1.195,-2.8513,3.8741,492.2453,2.2197,-0.597
239,-8.6548,-3.3683,4.1756,550.9675,2.7849,0.3609
240,-4.0477,3.5206,3.5402,363.0793,-4.0691,-2.3641
241,0.9833,-2.574,10.7611,751.6949,-3.803,-2.8973
242,-2.6461,1.6708,4.1212,536.9522,-2.5735,-0.1419
243,-2.2624,-8.6525,5.5682,560.9128,-2.4549,-0.8486
244,0.4195,-0.9771,12.812,239.6399,2.5218,0.6092
245,-5.8466,2.0711,1.1968,691.7728,3.538,-0.4596
246,-1.8271,2.4775,2.0883,661.7639,-3.6211,0.4804
247,-3.0983,5.9914,8.8762,394.4545,2.486,0.2393
248,-4.0929,-2.4039,9.8094,575.6232,1.9181,0.6093
249,-7.1775,11.7015,4.7741,387.3649,-1.2102,1.923
250,-3.0755,-3.6536,2.2874,457.8465,-2.4735,0.3477
251,-2.6552,-0.7241,1.9725,339.7963,3.0974,-1.4974
252,,1.9903,1.6269,525.0451,-3.3088,-0.4064
253,-1.6035,-4.2823,1.7664,592.7434,-2.1909,1.5869
254,-4.8097,-2.108,17.7649,496.2755,3.5529,1.1994
255,-5.0394,-2.0013,4.6833,585.7296,-1.3989,2.2792
256,-0.1876,9.21,9.7008,461.8438,3.9041,4.1524
257,,-4.5575,9.9703,,-2.8179,-0.093
258,-8.4356,-1.8368,2.1607,550.771,-2.5895,2.7255
259,-6.0205,-0.6731,4.9051,502.8805,1.9326,0.9075
260,-7.3489,-0.7204,4.8747,658.7204,-3.9656,1.2957
261,-4.7881,-0.3328,1.1489,534.7312,-2.8636,0.7723
262,-8.327,4.6985,9.6225,511.1942,-1.8925,5.0184
263,-3.8072,5.3936,2.3935,555.9684,-2.0441,-0.2944
264,-7.6406,5.7078,2.3753,717.0234,-4.2041,5.3893
265,-7.8137,-1.3633,1.5942,698.2821,2.1685,4.246
266,-1.9456,-10.8207,9.7847,,2.0808,-1.752
267,1.5154,1.0419,6.0327,893.7958,1.9216,-0.3025
268,-2.623,6.6224,11.1735,477.0374,-3.3903,1.0196
269,-8.8959,16.382,9.2215,514.8689,-2.3117,5.2694
270,-5.4272,-8.7575,10.0993,910.394,4.204,-5.1581
271,-4.0158,0.0681,4.1725,518.8338,1.5262,0.3699
272,-5.6266,6.3722,2.6299,444.1615,3.0953,3.869
273,-5.4918,-1.0105,3.5071,555.9191,1.104,1.7071
274,-7.5884,-1.6403,15.3466,640.7917,-1.8348,2.392
275,1.6906,-1.2902,1.7772,412.326,-2.2461,-1.9351
276,-2.6921,11.6481,5.4088,485.5458,-3.076,5.6758
277,-8.1417,-4.9291,1.4474,702.6491,0.6818,-1.3403
278,-0.4398,-7.694,5.4419,691.8311,5.0477,-1.1711
279,-5.6357,6.3583,2.4898,372.745,3.5423,2.7627
280,-6.5508,-8.5278,1.6962,475.0637,-2.8026,-5.9578
281,-4.3981,-1.9366,6.4966,567.8435,4.5862,1.7115
282,-2.1155,6.3756,6.8805,571.5944,2.7826,-0.8706
283,-8.3855,11.5563,1.5647,606.0433,-2.4337,6.2214
284,-1.6258,1.7067,10.2588,591.0095,-3.4057,-1.3604
285,-5.3572,5.1681,1.2835,520.6638,-2.8037,1.7208
286,-1.1341,2.1837,7.7374,,2.9016,-1.2737
287,-0.5428,-5.3653,7.9848,232.1388,-4.0684,2.0682
288,-3.1724,2.1573,4.8559,814.9629,2.5013,-1.4886
289,-4.7697,22.122098333067452,8.49,539.5729,-2.4679,13.0356
290,-2.8301,-4.0917,16.1144,337.2288,-4.5698,0.991
291,2.868,2.5082,3.5188,812.9396,-2.2796,2.3652
292,-4.4686,-0.3571,0.4973,353.891,-2.0934,-0.9549
293,-3.6902,-8.9341,4.8429,700.0903,-4.21,-1.9225
294,-4.138,1.5406,3.0087,411.7458,-1.7076,-1.071
295,-8.926,3.0341,2.8637,584.8608,-2.5198,1.3944
296,1.6329,0.3054,2.0145,505.7117,3.0436,0.4196
297,-3.7341,-0.9405,0.8023,514.0188,-0.5746,0.8398
298,-1.9483,-8.176,8.2081,344.3307,1.086,2.691
299,-4.4502,-4.6449,10.8206,556.1325,2.1534,0.5954
300,1.0617,-3.2172,2.2252,705.6648,4.1623,-0.2324
301,-1.085,5.3651,17.3261,447.1926,4.9173,0.5714
302,-0.8099,0.8462,12.7175,624.8601,-2.9792,-0.3377
303,-7.838,2.8362,4.4397,602.5427,-1.2417,-0.7627
304,-6.8521,-2.7143,2.2402,501.8982,-2.1232,1.9122
305,-6.6407,5.4779,23.2527,629.8809,-3.0625,2.4684
306,-1.7822,2.2199,6.103,765.1893,-3.2413,-1.6214
307,0.5585,4.9644,3.3066,351.5511,-5.6267,1.4385
308,-7.4249,2.5967,8.8666,607.3414,-2.8814,-2.3967
309,-3.6754,-4.1349,9.6137,503.5078,3.8542,0.8642
310,-7.992,-0.0762,3.4134,494.2608,4.4456,0.7355
311,-2.8061,-9.7067,10.9914,516.5503,3.6831,-3.6616
312,0.3406,-0.7091,3.6755,381.4064,-3.6989,-1.2539
313,2.5471,8.849,3.066,821.5167,3.4783,4.5865
314,-4.3893,-0.1342,5.3956,601.0653,2.7524,0.3104
315,-7.8121,-0.582,5.2994,534.7278,-3.1797,1.3427
316,-3.1828,0.6689,9.7454,568.9213,3.8392,-0.8626
317,-7.922,6.8817,2.7402,358.2871,-1.7083,3.8604
318,-9.3715,3.2793,8.1888,521.2218,4.2329,1.9286
319,-1.491,1.2156,4.6619,747.7872,-0.1993,-0.2483
320,2.0286,-1.8215,13.3621,224.6644,-2.2504,-0.2591
321,-5.2863,-4.6643,7.3682,698.3927,-3.1651,-0.2513
322,-3.8545,-9.7521,2.6835,0.5744,2.5438,-3.4582
323,-9.0146,-24.60879760471758,1.6642,672.5205,1.089,-4.6487
324,-3.8947,0.4362,5.6013,617.8961,-2.5895,-0.4094
325,2.449,11.04,22.9749,298.3481,3.2945,2.9179
326,-2.9047,-10.7917,1.003,623.3166,-2.8141,-2.7033
327,-2.8024,8.8353,8.2691,548.5633,2.1138,1.16
328,-8.7672,-2.6139,3.5859,615.0594,5.1918,2.7137
329,2.8712,-7.8249,12.7751,424.2474,-3.3708,-5.0131
330,-4.7537,-4.7206,3.3457,701.4434,-4.5422,2.6253
331,-4.6699,6.4959,2.747,857.6897,4.0697,1.9501
332,-1.6371,1.0931,4.0183,350.5716,-3.351,-0.2325
333,-5.8864,3.6367,6.1159,422.6909,3.49,-0.034
334,3.7823,7.878,42.43098777710862,406.424,-4.9865,3.5427
335,-1.449,-1.9113,13.7725,638.158,-4.4704,0.0857
336,-5.696,-2.0954,0.7793,321.2421,2.8954,0.4157
337,-5.4711,-5.713,10.8344,451.888,3.99,-1.9684
338,-6.5728,9.9076,3.0884,654.435,-2.724,2.4306
339,-0.4573,2.5323,3.2318,787.8922,-2.8602,0.6676
340,-3.36,4.8636,0.9977,495.3259,2.9412,-0.9083
341,-4.2662,-3.6007,9.2793,332.0914,-5.022,4.1291
342,-5.8738,-16.0803,9.1538,277.6285,1.0897,-0.2757
343,-5.3239,6.6204,0.7697,239.2404,2.9931,0.2061
344,,0.3475,11.604,558.5258,-2.257,-0.9527
345,-3.9141,-1.7329,2.0701,640.1468,3.7842,2.4308
346,-5.9824,5.8084,3.1948,168.7583,2.6637,0.8363
347,-1.112,1.5443,4.8527,380.3267,-2.854,-0.0086
348,0.4484,7.1995,6.311,733.6519,1.2452,0.9989
349,-3.5747,-8.4185,2.6365,606.1231,-3.8731,-1.8254
350,-7.4682,3.2719,4.3356,468.8965,2.851,0.0007
351,-6.3165,-3.0854,3.9206,542.2901,-4.041,1.5656
352,,-7.7305,3.8145,427.0121,2.3909,-5.9716
353,-4.2508,-8.8224,10.5841,457.9964,4.2104,-5.4771
354,-1.4696,-2.3723,36.52547972877731,451.6982,3.4665,-0.635
355,-7.0882,-0.2094,2.1009,448.8043,2.613,0.773
356,-6.9199,7.1019,6.9792,541.9732,-2.9184,6.7333
357,-6.1893,-0.5577,2.8909,417.5668,-4.0908,0.7134
358,-7.2466,8.1728,1.0386,806.7408,3.0584,4.1683
359,-4.9242,3.117,26.6778,186.0233,3.6938,-1.2833
360,-5.5348,4.0567,4.6195,392.2186,-2.8113,-0.5858
361,-8.2165,-3.8557,1.0263,624.0419,-3.5397,0.2828
362,-0.9846,-0.93,50.92926617912898,517.2728,3.6984,-0.083
363,-0.9767,0.2763,0.8178,629.7907,3.3471,1.1474
364,-7.618,2.283,3.1265,791.3866,-4.4354,-1.8501
365,-8.2034,3.9203,1.4281,756.4562,3.1451,2.8529
366,-4.1734,3.4965,5.189,447.8016,2.4587,-1.0648
367,-3.4035,-3.7534,2.4931,461.7191,-0.4106,0.7931
368,2.9589,8.9244,8.395,683.1749,2.3173,1.371
369,-3.5935,5.7745,3.6116,,-0.1094,0.5034
370,-6.0434,-11.6282,8.1122,445.0096,-3.0155,-2.0127
371,-0.8893,6.7306,2.7528,457.6884,-3.1486,0.817
372,-8.6302,-7.5212,5.9838,664.5613,-3.2609,-0.8692
373,6.0295,10.5258,4.3993,359.307,-2.4637,3.0992
374,-6.6373,-6.6778,7.0287,468.724,3.3461,-5.4112
375,-1.2423,0.2771,3.543,729.0699,-2.8052,0.8989
376,-0.1944,2.0762,6.9214,566.9561,1.8954,0.0866
377,-5.7853,3.1299,4.1893,561.8962,2.3568,-1.8807
378,-5.5723,-0.1236,3.9684,326.7487,-2.7328,-0.2937
379,-4.909,-3.561,6.7719,405.9445,2.455,2.2372
380,-6.4926,4.4927,3.0276,662.8508,-2.7094,1.9466
381,-3.7769,-0.2907,7.2451,778.6775,-4.0792,-0.3998
382,-9.1477,1.2442,8.7264,452.2786,-1.9613,-0.2582
383,0.4191,-4.7723,5.7037,560.5911,3.2745,-3.203
384,-6.8182,3.5086,15.0673,213.2537,4.8384,-2.6505
385,-8.1254,8.8913,18.533,317.6093,-2.8696,-3.0055
386,-2.2219,-4.2326,0.5175,530.0592,4.5013,0.6494
387,-8.2947,-5.0844,2.0075,480.9266,2.6122,-4.99
388,-4.4286,-2.2111,6.8063,520.2409,1.5872,1.4783
389,-2.7425,1.4653,3.0148,331.5648,-3.4493,-1.818
390,-3.3188,-1.0826,9.1802,800.4421,2.419,-1.4124
391,-5.4675,-4.3615,1.705,380.1723,3.958,-0.2418
392,-7.0133,-6.9302,4.2187,629.1365,2.4189,-4.5569
393,-7.112,0.5023,4.3096,205.4962,-2.8271,-0.4811
394,-4.1893,5.5807,1.7603,708.1948,-1.0313,0.0685
395,-5.5458,-7.4072,4.5886,495.9881,-3.7701,-5.4187
396,-6.9514,6.3164,13.3803,692.0528,1.6889,3.4596
397,-3.978,8.9338,2.9801,426.7538,4.0027,4.6772
398,-6.7763,-2.814,2.7568,589.445,3.7464,2.8971
399,0.9391,-4.1058,7.6357,310.2182,-2.9387,-0.6679
400,-0.4526,-1.7233,8.0818,401.3152,-3.3489,1.2484
401,1.3521,6.3952,10.6199,516.6903,3.5568,5.6261
402,-1.2411,-3.4786,11.9474,572.4069,2.83,-1.2339
403,-5.8079,-3.5059,4.5177,452.6054,1.5779,1.4875
404,-5.8501,1.4989,1.1948,564.1515,2.5718,-1.1753
405,-2.9832,0.0596,9.9677,543.4677,-2.7658,-0.5383
406,-6.9811,8.3338,0.8015,697.2572,-2.9283,4.9705
407,-5.4614,6.4862,3.778,569.91,1.5515,4.6148
408,-3.9464,-3.6245,2.3865,591.894,-4.4084,2.8168
409,-4.8862,-0.3079,3.1617,283.3038,-3.8141,-0.1793
410,0.5837,-7.8675,16.3728,584.5725,2.266,-3.933
411,0.9332,-0.9578,3.2024,552.8634,-2.8462,-0.5164
412,-7.8919,-3.2684,11.7252,232.2592,1.7906,3.1276
413,5.0691,6.4665,2.1718,532.1799,-2.9513,2.7487
414,-4.8241,-3.4431,3.4266,635.2647,2.8386,2.9647
415,-9.312,0.0107,5.6803,571.8504,-3.6956,0.6453
416,-8.6032,-8.4338,7.1715,721.3181,3.8899,0.5581
417,-6.1632,5.2375,11.2601,245.2324,-3.4427,2.984
418,-4.0325,-0.0546,4.6735,623.0911,-2.8533,0.2707
419,-4.7888,9.8377,3.7997,329.496,2.9631,4.7388
420,-0.6426,1.3794,11.0594,683.0715,-2.5926,-1.3858
421,-2.342,-2.5579,7.0933,668.6144,-3.1048,0.4487
422,-6.304,2.9451,1.7033,303.2395,1.346,-3.889
423,-0.3856,2.7404,5.9637,779.8591,-3.5887,-0.2547
424,-4.4116,-2.7461,5.8836,539.9443,3.3245,1.4669
425,1.331,0.7558,4.1112,589.0005,-4.3364,1.0563
426,-2.742,17.7203,1.102,202.0564,3.3639,3.3821
427,-4.1099,-2.9525,2.3475,589.1764,-4.0374,2.1642
428,-5.8073,-1.127,7.6054,487.255,-1.2486,2.0367
429,-4.8387,4.4554,4.1702,466.0737,1.2521,-1.183
430,3.4839,-13.946,6.1602,638.2905,3.4779,-1.1784
431,-5.8446,4.1741,8.9223,376.1346,-2.4554,1.2495
432,-4.1337,-6.0764,4.5714,620.4091,3.5126,0.259
433,-1.2156,3.8959,17.0808,206.7371,-2.9899,-3.0011
434,-7.2118,0.1876,9.1728,619.887,-2.9507,-1.0858
435,-0.534,-1.713,1.2946,610.3521,1.8369,0.4656
436,-2.6653,0.7004,8.842,629.8038,3.7207,-2.1766
437,-0.2459,6.0725,0.8594,384.1237,-0.5769,0.4411
438,-5.8415,-3.1925,4.3504,326.8045,3.659,2.3887
439,0.1476,4.0389,12.4531,608.8385,-2.896,0.8186
440,-6.3873,4.809,23.1891,,4.2285,1.8938
441,-7.0293,-5.7207,4.8596,386.7313,2.6814,-3.602
442,-7.306,-22.59452731068734,3.6658,428.7015,-3.3393,-11.3751
443,-7.3155,3.9697,4.1417,549.2845,0.9215,1.7839
444,-3.4763,-2.6899,17.2707,750.1697,-3.9681,3.9221
445,-4.7858,4.2415,18.6384,515.4448,-4.2266,-0.5182
446,-4.8492,-1.4812,3.1688,196.4103,2.9093,0.9553
447,-4.7833,0.3227,5.4096,367.909,1.439,0.3323
448,-7.6615,4.2199,3.8558,107.433,3.4003,0.5792
449,-6.7779,-1.4985,7.8686,508.3445,-3.2289,1.8337
450,-6.4675,-2.1246,8.306,426.4106,-3.7952,3.1165
451,-6.3731,3.5114,3.2802,779.414,-1.5999,-0.8982
452,-6.7116,1.2494,4.4258,343.3719,-4.1738,-1.8335
453,-1.6808,-2.1316,2.9434,472.0778,-2.3709,0.0209
454,-2.5741,1.0721,2.7018,581.5481,-1.7695,-0.1262
455,0.1975,2.1891,2.5875,769.513,-2.6163,1.3182
456,-7.0988,0.344,2.2893,430.4323,3.9482,-0.8428
457,-1.2812,-6.4275,1.4525,696.5292,-3.886,1.7951
458,4.6278,5.095,4.2913,624.1663,2.7581,4.0955
459,-3.0186,-10.2228,2.7062,385.6066,-3.1875,-3.4641
460,,-7.4993,3.2083,707.0185,1.5987,2.7151
461,-5.9061,-2.3328,1.9426,487.7548,2.6256,1.6985
462,-2.4356,-2.947,4.7752,472.7532,-1.6826,0.2422
463,-5.1724,9.8655,3.4002,419.4254,-4.1783,6.2378
464,-7.0446,5.4973,10.2354,398.6094,5.4659,5.482
465,-5.9663,-4.3025,6.8695,650.497,1.9228,-0.1004
466,-6.3701,-5.04,5.4099,597.4407,2.6809,-1.8307
467,-4.83,-6.1178,17.5101,580.2056,1.9139,-1.1716
468,-0.0148,-4.3998,1.697,318.8338,-3.4333,-2.133
469,-3.8888,0.1661,4.5729,478.3268,-3.3234,0.6739
470,-1.009,-2.471,1.8405,672.9755,3.8179,1.4616
471,-3.2387,-4.3683,9.946,192.0826,3.8106,4.5189
472,-0.4777,0.6128,4.1009,613.9163,-3.1327,0.3165
473,-6.7562,0.2088,4.5589,619.9497,3.8616,0.0562
474,-6.8741,2.124,4.0055,578.0007,3.004,-1.2834
475,-6.0469,-2.2995,2.1722,296.5182,-3.89,1.4587
476,-6.3721,-2.6632,8.3501,683.9157,3.9386,1.1791
477,-5.0289,0.7983,8.4952,478.2971,-4.7606,-0.0718
478,-8.4276,-0.22,3.6471,411.749,2.0166,0.9741
479,-1.1632,1.7002,2.6199,412.3656,-3.8857,-0.4507
480,-7.1008,0.7425,6.4494,408.0119,-4.0318,0.0818
481,-5.7571,2.0641,6.6618,448.82,3.0042,-0.8946
482,-6.0345,-4.8987,10.4397,395.6255,3.8143,0.2842
483,-6.9282,4.712,6.1822,564.611,-3.1806,2.9816
484,-3.2892,-6.2179,8.5153,724.2097,1.1242,-0.188
485,-4.3511,4.2346,0.4559,262.3509,-3.4795,-4.2253
486,-0.4596,6.1186,4.4061,300.7472,2.6293,0.1696
487,-6.7047,4.5489,3.6236,510.3505,3.1123,2.1692
488,-5.1772,-0.3843,6.5808,301.8186,3.2485,2.1525
489,-2.0348,-22.54107900960997,6.0245,751.2695,-3.7308,-6.3971
490,-8.0575,-6.0669,6.0996,453.6134,-2.4069,-5.2717
491,-5.3668,-4.9348,4.3846,329.7482,-3.7833,0.5536
492,-0.9851,12.1943,10.0487,388.3635,-3.1923,2.4507
493,-4.7795,1.4531,4.7349,377.7033,5.0713,-0.5092
494,-5.401,0.7493,10.5378,341.4123,-3.4669,0.57
495,-5.1622,-5.3164,9.2747,193.3504,2.3944,3.1742
496,-3.5199,-10.0645,2.7885,716.7275,2.4851,-1.2721
497,2.0693,2.4034,1.4041,521.7148,-2.678,2.8372
498,-2.8721,-8.4675,10.6653,623.8779,-3.8169,-1.8285
499,-3.2575,-2.5666,1.3892,324.7264,-4.8622,0.2162
500,-2.1653,0.8164,0.6232,530.7286,3.0417,0.4246
501,-2.827,-3.3453,1.7859,420.2336,-4.1001,0.6337
502,-2.7816,4.1305,6.4737,550.9293,4.4357,-0.9332
503,-3.8548,3.4111,4.1221,541.169,-2.1902,-1.6029
504,-1.5613,-2.0386,6.3974,443.3015,3.7633,0.2249
505,-5.4032,6.214,6.7286,619.5026,-2.0712,1.5853
506,-0.283,-3.0068,4.689,292.4799,-4.2544,-0.4959
507,0.2364,1.1176,6.2242,412.9467,-3.2314,0.7207
508,-6.2147,7.4923,4.173,778.2481,2.7709,5.0852
509,-5.6057,5.8429,8.467,481.7232,2.6727,3.65
510,-5.8553,2.7936,6.9268,641.5552,-3.032,-2.8413
511,-4.5686,3.4017,8.8348,751.7083,-3.2168,-3.7721
512,-2.7397,-7.56,3.1549,676.9137,-1.877,1.816
513,-9.1707,-0.1417,7.7846,371.1384,-4.2582,2.152
514,-4.9079,6.3685,15.153,632.262,-2.3352,1.9244
515,0.8962,6.0613,9.5779,628.7527,3.9394,1.6698
516,-8.5912,-0.3858,1.7071,578.0265,2.5748,1.8929
517,-5.2418,1.1253,4.4232,428.3983,3.8676,-1.2211
518,-0.6236,1.7993,5.0935,243.8986,4.0153,-0.1431
519,-3.8989,6.2563,1.1442,437.8684,2.1189,0.3574
520,-4.4184,10.0513,6.7272,492.9412,3.429,8.1058
521,-3.9203,4.0421,1.7915,,-3.2877,-2.4137
522,-2.2589,-8.6732,6.3021,463.9402,-2.9512,-1.0937
523,-8.9264,4.3937,9.2391,327.7125,1.6816,5.3044
524,-7.9753,0.7452,6.6818,554.2862,-4.3846,-1.0388
525,-2.0161,2.5451,1.4856,566.3453,1.2593,0.8004
526,-6.6135,-0.1442,5.3591,870.7901,-3.9231,0.7941
527,-9.1368,-3.3001,2.6104,649.1622,-2.9471,1.5339
528,-3.0053,5.7126,1.7088,593.8214,-2.807,0.3874
529,-4.2579,-4.5419,7.8099,489.1561,2.5379,0.5426
530,-3.4313,-7.9452,7.2333,330.6555,-1.691,0.9856
531,-5.951,-3.4728,9.9593,604.2749,-3.5221,0.535
532,-3.4083,-4.6289,8.4713,536.3694,-4.1482,0.2362
533,-2.9349,-1.0684,14.7148,524.8077,-2.4659,0.187
534,-6.8796,2.6265,6.8688,772.519,-2.5751,-3.4426
535,-2.4598,-1.8553,5.8198,568.4305,2.5522,0.4457
536,-0.7314,3.8611,12.0752,592.1159,5.0133,0.0652
537,-8.8289,3.1763,37.2736996253662,504.7676,3.3878,0.7066
538,-2.3487,-9.6347,1.373,722.4888,3.5175,2.4149
539,-5.4401,-7.6136,16.17,473.7933,2.6597,-6.7457
540,-4.5805,2.6872,6.0016,513.4041,2.4657,-1.5575
541,-7.2037,-1.4751,1.1033,685.3226,0.2585,3.9389
542,-4.2301,-5.0861,13.7115,436.8346,-3.8996,0.7598
543,-7.9763,-0.0918,6.1146,405.5171,2.7479,1.8788
544,5.002,-1.6913,3.882,448.5509,1.6224,-2.5
545,2.1336,-0.976,5.4777,726.2124,3.6288,-1.5275
546,-2.3922,7.1128,2.304,487.8394,-2.1491,0.1674
547,-6.2621,-2.746,2.681,589.7893,-3.1358,2.7366
548,-1.5147,5.8504,14.0593,515.1104,-2.7891,0.4112
549,,-4.2272,4.8764,577.0513,2.1008,-2.7664
550,-3.0311,1.0598,5.3415,,-3.7316,-0.2157
551,-4.566,-4.8862,6.5463,604.5774,4.3162,0.2839
552,-8.7669,-4.9845,1.9095,197.2649,3.0781,-4.7863
553,-4.5376,-1.4714,3.9273,956.103,3.8287,2.7832
554,-7.6618,-2.9565,7.3765,324.4006,3.0535,3.628
555,-0.4816,-0.3469,1.0279,488.2836,3.6111,0.1241
556,-2.633,10.206,1.5871,522.0488,3.3836,4.6669
557,-2.0134,-1.9924,5.4755,406.6809,3.6874,0.9219
558,-8.2828,5.661,2.403,555.1729,2.3814,6.8091
559,-3.9505,-0.7791,7.491,258.3496,-5.2398,2.7014
560,2.1379,7.5472,1.9913,358.4442,-3.166,3.9789
561,-0.5989,3.5198,7.8373,568.1497,-3.5237,-0.0064
562,-8.9341,-2.1678,8.4224,446.0239,-2.4006,2.8153
563,-7.8146,3.3021,2.9522,438.1758,-2.2788,-0.296
564,0.3212,-8.8013,1.6092,763.0063,-3.6996,0.1325
565,-6.4646,4.0953,5.4956,522.333,-3.5868,1.3812
566,3.1545,0.9424,3.4382,468.3748,3.5932,1.1267
567,-4.5673,-5.7673,3.8112,594.9793,3.7124,-0.4936
568,-4.8756,3.7762,22.4741,578.2393,-2.7038,-1.5228
569,1.6153,-0.7513,4.361,387.0217,-4.4553,-0.5644
570,-6.8124,-4.0629,8.0183,371.9651,3.4866,1.4502
571,-0.791,5.9815,4.5268,259.0312,-3.3264,-0.9247
572,-1.8643,-4.855,5.8363,565.7008,-1.7316,0.0072
573,-3.2908,-4.3861,1.0728,591.8617,4.1653,2.8361
574,0.5364,1.7303,6.7822,591.9326,-1.4557,0.2629
575,-1.0912,-0.545,5.5969,435.5251,2.2339,-0.2467
576,-7.3188,-6.3126,16.1904,512.1716,4.8458,-6.3873
577,-7.8909,2.7317,6.4446,353.3368,-0.5162,-0.0338
578,-4.0881,3.8931,2.4872,703.8937,4.5194,-0.9606
579,-3.6676,5.3318,11.5678,583.5422,5.3116,-1.6887
580,-7.6808,-3.5069,0.7605,589.9465,1.8598,1.6367
581,-3.0098,-11.1265,7.7793,384.685,-2.786,-2.9863
582,-5.867,7.2762,4.6351,565.2339,1.9131,6.3119
583,-1.1643,5.7309,5.7215,679.3913,2.8014,-1.1021
584,-7.8636,-7.6567,1.7428,964.4883,1.9619,1.1874
585,-8.3535,1.5418,5.1995,437.9285,0.0885,-1.3824
586,-6.7127,-3.3696,6.2891,523.5648,-2.4802,0.9309
587,-3.0673,0.0301,12.9823,755.1457,-2.9907,-0.9428
588,-7.6087,-4.6576,9.995,677.4342,-2.8675,-2.9625
589,-8.2849,-4.3531,12.8132,,-2.7484,-3.5547
590,-3.8365,-8.833,3.9319,342.3017,2.9818,-2.9599
591,0.1354,-2.2847,1.7358,504.6422,-3.9661,-1.3358
592,0.0262,-2.5093,8.0824,619.3531,-0.6597,-1.5833
593,-2.7146,-3.6714,0.5062,547.2065,-2.0968,0.4719
594,-0.3025,-1.5867,4.0876,610.6292,3.2824,0.1269
595,-6.4074,6.7274,5.1188,396.0585,-4.0264,5.5922
596,-5.8726,11.3627,3.3612,353.7352,-0.836,1.437
597,-2.8808,0.9242,7.3073,669.8145,1.967,-1.8191
598,0.0411,2.4226,3.1503,244.9819,-3.1298,-0.6094
599,-8.1178,-9.0618,0.2565,543.1523,2.6745,-1.0163
600,-5.6559,3.9449,5.9816,489.4049,2.9299,0.2081
601,0.716,1.853,19.102,492.2122,-2.8073,1.0371
602,-7.31,5.5309,16.8731,613.0402,3.2812,4.1722
603,-3.7838,6.5012,5.6102,331.3217,-2.7424,0.1244
604,2.0827,1.3483,6.7301,604.0547,-1.8107,0.3559
605,-4.9846,0.6468,7.3683,451.6177,2.2309,-0.0385
606,,1.3349,10.6194,238.1046,-3.3312,0.0555
607,-4.0419,0.5399,8.5452,725.9793,5.7859,-2.6199
608,-7.9504,-6.1941,14.2342,421.7202,3.724,-5.1723
609,-4.5377,-10.819,1.7243,331.7048,3.7731,-6.967
610,-7.2056,4.3154,12.1082,601.4155,-3.3538,0.7444
611,-0.1706,-6.4304,0.6211,767.0958,-4.028,1.3765
612,0.024,-6.6181,10.9145,487.9876,-2.5289,-3.0433
613,-5.3183,-7.4099,10.3636,453.9968,-2.6229,-4.7688
614,0.4933,3.107,9.8222,506.4688,-3.2268,2.38
615,-3.009,8.559,9.1178,634.9398,-2.8685,-0.1855
616,-4.7448,4.6881,1.1569,323.1963,-3.0147,-2.5101
617,-6.188,16.9906,6.3512,440.2112,-2.8116,10.3902
618,-7.3999,6.2423,6.4857,461.5108,-4.475,6.9592
619,-5.011,6.1744,11.5442,276.6617,2.4356,2.4782
620,-6.4312,-7.4088,8.9953,109.1635,2.3575,-1.2588
621,-3.6453,-5.3382,4.0823,426.7981,-2.879,0.9723
622,-9.2814,-6.6246,10.4418,534.5812,2.9261,-3.6142
623,0.1369,-2.6143,5.5022,733.7942,3.7861,-0.9289
624,-9.7064,5.2424,2.9176,607.6769,2.3608,5.6402
625,-7.7696,-1.2607,1.5772,530.1236,-2.9424,2.3018
626,-1.8052,2.6459,5.8815,403.9654,2.3193,-0.1704
627,-4.4407,-6.3731,10.5507,587.8719,-3.8041,-2.2082
628,-3.6851,1.2532,11.2829,185.8344,2.6543,0.436
629,,-2.804,4.763,639.1468,3.5919,1.3663
630,-3.4629,4.208,0.8127,441.0145,-3.1755,-2.158
631,0.2861,1.8409,11.7052,412.1074,1.4052,1.6279
632,-4.7982,-8.321,4.077,688.8142,2.7438,-3.6211
633,-7.6797,4.9582,2.384,436.6699,2.5891,3.3995
634,4.366,3.691,8.2974,425.4555,-3.6694,5.6097
635,-7.6227,3.9119,41.76986629657256,682.4249,-3.0322,-0.0315
636,-6.0818,-2.6613,8.5383,605.1697,-5.5282,1.2895
637,-0.2371,2.1673,4.3287,175.8631,-3.1228,-0.5032
638,-1.7683,0.3457,4.3614,703.9577,3.0376,-0.6119
639,-3.858,2.0391,4.8559,,2.3558,-1.7957
640,-5.2254,-2.8581,6.7429,713.6425,-4.0281,1.6944
641,-9.4575,2.5724,13.3214,170.5331,3.0761,-1.499
642,-4.5066,4.6793,5.9242,316.3165,4.8044,-1.0554
643,-1.0444,-0.588,2.702,292.9471,-3.5144,-1.019
644,-4.7817,-1.7242,3.6387,474.974,2.381,1.1148
645,-6.4057,-1.5451,7.054,652.5246,3.2585,1.4846
646,-6.9978,-4.4683,4.637,415.467,-3.7682,-1.2354
647,0.1026,6.2514,4.6082,571.9266,-2.0869,2.5881
648,-4.7728,-0.9772,0.5127,342.2679,-3.4392,-0.1588
649,-7.112,-5.826,1.5034,662.5323,-3.6051,-2.4149
650,-4.1842,3.9397,6.6387,638.4631,3.7481,-2.2823
651,-6.3528,-3.8934,5.9903,683.5369,-2.8606,0.4473
652,-5.8512,8.3021,3.4416,429.5063,-2.9368,6.0886
653,-7.413,-6.9493,2.7754,452.9072,2.2349,-6.0956
654,-6.3297,-0.5742,4.2106,480.0026,-2.413,0.9552
655,-2.7984,-7.3345,9.4606,207.2386,1.4831,3.527
656,-0.9969,-5.3673,2.4249,788.9518,3.386,2.3782
657,-2.5741,2.1808,3.0556,302.1207,-2.5071,-2.5056
658,-6.0304,4.1894,1.5618,576.3568,-2.1286,0.975
659,-5.2521,-1.8223,4.62,341.5538,3.6974,2.6951
660,-4.8068,3.7669,11.5205,808.1143,-1.9244,-3.7073
661,-7.4574,4.3647,1.1416,617.9026,4.1313,3.4362
662,2.5545,-2.1247,0.993,791.5376,-3.6173,0.6041
663,-1.9263,1.2413,15.2102,,-2.8191,-1.742
664,2.0164,-11.7885,5.6625,282.9173,4.0826,-3.606
665,4.1388,2.9277,9.9744,822.2359,-3.7223,1.7495
666,-7.8555,8.2312,1.225,454.8779,3.157,2.6873
667,-7.8447,-1.4046,6.3948,368.2252,-2.3239,3.4275
668,1.3212,0.6599,2.3006,530.648,1.0904,0.6185
669,,4.8877,9.8555,656.6579,2.3899,-2.9845
670,0.1979,2.4731,1.4448,484.9958,-4.4481,1.315
671,-4.0213,7.5247,3.873,455.9853,3.2749,2.5522
672,-5.7302,8.1431,4.3529,524.7435,2.2573,7.1748
673,-1.6219,10.1243,13.7476,643.3907,3.9516,-0.8305
674,-6.6054,4.8706,8.3437,361.5535,-1.8879,3.2794
675,1.6571,0.0659,1.1897,497.7612,3.8233,0.1504
676,-4.7478,-1.5817,5.1656,530.6231,-2.323,1.2911
677,-5.6398,-1.8074,1.4436,617.5077,3.2471,3.0171
678,-5.3793,3.5243,3.3481,457.1192,3.513,-1.7212
679,-7.5967,1.4032,3.7486,502.7178,-3.1115,-0.9787
680,-3.405,2.5452,0.3906,524.9028,4.674,-0.3245
681,-9.2964,-0.9039,5.0283,636.2334,2.4801,2.7249
682,-3.9489,-2.0927,0.9211,411.9563,3.2442,0.9168
683,-3.8189,3.8005,0.5932,366.3956,-2.3412,-2.9557
684,-0.6983,-1.5022,5.9459,834.8519,0.9244,-0.8054
685,-5.8603,-15.7071,8.6913,524.3129,4.0772,-7.4243
686,-6.0744,-7.8021,11.1647,678.0577,2.6384,-5.8885
687,-3.3779,10.6784,9.095,625.8838,3.1489,3.0777
688,1.095,-5.2885,7.2009,536.5979,-4.0615,-4.4677
689,2.9783,4.7556,6.9601,521.493,2.8845,5.3812
690,-6.0223,-3.8184,5.7622,268.3318,-4.8108,3.0356
691,-5.2772,-2.7251,1.9579,634.7367,-2.4823,3.786
692,-5.3988,-4.8453,37.02427485987769,409.9694,-1.6466,-1.2037
693,-8.3971,-1.4729,4.3011,730.3446,5.397,3.4583
694,-3.5253,1.5307,3.6208,560.3985,2.3007,-0.4065
695,-4.691,-4.6376,4.8013,557.9037,3.3496,0.2653
696,-1.063,-0.8277,1.0974,452.2375,-2.207,-0.3082
697,-1.2335,2.9795,3.1045,604.7638,2.9553,0.3879
698,-3.2317,0.9332,6.3804,445.7849,2.2624,0.1625
699,-6.2651,3.7122,5.4106,546.9715,2.2897,-0.1235
700,-5.6129,3.5377,11.3818,489.244,2.591,-0.5439
701,-1.6829,0.9329,0.5403,481.5033,-2.407,-0.4061
702,-6.3821,0.8012,3.3792,707.5136,3.1221,-0.509
703,-6.9858,-8.8271,4.2212,636.3931,1.6945,-1.8293
704,-6.173,-2.887,3.6865,229.8844,-2.0754,2.0755
705,-0.7723,-1.1153,3.4551,534.7293,3.5546,-0.123
706,-9.0778,2.3637,10.7502,717.6199,4.0113,-3.3855
707,-1.9253,0.4366,4.7517,349.1666,2.0646,-0.0906
708,2.7781,-1.66,4.3441,511.8804,-1.9212,-2.382
709,-1.262,-3.8539,5.7393,761.6743,2.5689,0.6912
710,2.9275,-5.7367,6.2191,597.4372,-4.1972,-5.4044
711,-1.1543,-1.2983,6.613,503.0885,1.0705,-0.8231
712,-4.2618,-1.0463,4.8175,408.2348,-2.0458,1.5826
713,-7.6898,2.0132,6.9281,569.6396,2.9731,-2.3799
714,-0.1678,-1.434,1.4841,417.6792,-3.4169,-1.2083
715,-4.4733,3.0526,0.9919,446.9314,3.1745,-2.6706
716,-2.9783,3.7635,5.3669,400.8467,-2.1282,-0.9247
717,-5.1584,3.8799,4.9568,399.8326,2.2469,-0.4973
718,-6.6838,8.5007,25.2118,926.3891,3.4918,0.5712
719,-0.7416,5.4871,2.3758,478.8137,3.2315,1.0519
720,-2.3283,5.4772,5.0493,649.1003,-4.2137,-1.0832
721,-5.0315,-2.7048,4.5568,536.7915,1.9152,2.3389
722,-7.5265,2.603,8.1326,394.1294,1.0009,-0.2474
723,-5.1719,-4.5289,5.4301,502.6955,6.9423,0.5978
724,-1.1994,-24.614019115027,0.4098,398.6647,2.4751,-8.7814
725,-6.6652,1.5991,3.2792,477.0379,-2.5131,-1.4492
726,-7.197,-7.0789,0.6183,397.7973,-2.5067,-6.1634
727,-5.8454,8.1965,3.9026,702.001,2.6764,4.84
728,-2.4053,2.5587,18.3007,745.2294,1.9937,0.5469
729,,7.6608,2.5446,,3.5894,2.8994
730,-8.8251,-2.4741,3.7987,430.7037,-4.5749,1.8023
731,-1.474,-8.5756,7.1929,351.8213,-2.1065,1.544
732,-5.5297,-0.1286,3.9059,323.4953,-2.6414,-0.3022
733,-7.2754,0.768,0.2298,715.4134,4.1273,0.5874
734,-6.5565,5.67,4.1668,522.6824,2.2756,5.1209
735,-0.4032,-5.943,2.4778,300.1811,2.5854,-1.5447
736,-2.0158,-2.7805,41.35242421073456,426.58,2.8486,0.537
737,-7.2553,6.5971,10.5959,475.3228,-1.6318,6.5053
738,-8.3075,-0.3047,3.7099,411.6962,-3.7153,1.0843
739,-0.8999,-10.246,7.5452,175.5981,3.9413,3.0013
740,-6.5804,3.2322,9.2028,391.2629,2.9246,-0.2157
741,-8.6473,8.9164,11.8809,760.6857,-1.5445,-2.8124
742,-4.076,-1.3487,10.5636,706.1204,2.8683,0.1396
743,-7.1631,5.9655,2.1338,464.9138,2.631,5.1511
744,-7.6175,2.4017,3.0456,578.7189,3.1558,-0.9179
745,-0.3082,-3.4739,16.7622,691.2871,2.0312,1.1642
746,-0.481,8.3598,2.3068,369.954,-1.519,0.0906
747,1.5714,8.3697,12.0715,542.2923,-3.7907,6.6979
748,-4.9637,1.1078,2.6419,731.9598,-2.9754,0.3725
749,-2.1379,0.2634,6.4415,524.0843,-4.1937,-0.6897
750,,8.305,12.7863,405.7853,3.8585,0.254
751,-7.5959,2.8815,8.308,368.3966,-4.2325,0.4117
752,-1.232,12.7067,4.9228,637.9113,-3.8481,0.6711
753,-4.955,9.2635,16.0388,700.242,1.5903,5.8981
754,-7.7676,4.5127,3.4564,465.7773,1.4635,3.2834
755,-7.0547,-3.9003,3.9163,528.4001,-3.3632,-0.2617
756,-7.4542,-1.6843,4.5286,501.0477,-0.7685,2.6155
757,2.323,13.0208,9.1514,56.9265,-2.5877,2.7586
758,-0.7955,-3.0332,3.5485,686.9495,3.2798,0.4003
759,-6.1098,-13.9754,5.2283,444.6675,-5.1772,-3.3326
760,,5.6964,12.3314,756.4645,2.7758,2.7221
761,-1.1953,1.8739,6.9824,475.4111,-2.8211,0.9283
762,-4.9887,-4.3173,16.394,458.4561,2.2605,-0.506
763,0.0636,6.5794,3.5944,383.4839,-2.4635,1.875
764,0.7339,6.3638,3.3013,523.8025,4.9825,4.2901
765,1.253,-7.6193,4.4414,517.1349,-1.8245,-5.9776
766,-6.5621,1.9706,3.5048,552.3518,-3.8667,-1.1613
767,-8.6055,-0.2319,2.0262,730.6782,4.2054,2.1987
768,-8.818,-2.2166,5.1171,477.8693,-1.9184,2.2978
769,-1.0331,-10.5175,5.2929,285.601,-3.0175,1.2046
770,-5.6214,3.4242,29.0213,723.7915,-1.7596,-3.1946
771,-5.2318,4.0363,5.9318,591.4864,2.6921,-1.4287
772,-7.0695,-8.451,2.8128,469.7081,-2.9369,-4.9373
773,-9.0173,0.542,1.7077,562.6189,-2.7843,0.3061
774,-8.6229,0.9871,1.1743,390.9508,4.043,-2.7751
775,-2.1201,3.9406,4.2118,504.2849,-2.5424,0.1107
776,-7.1046,2.6623,6.4681,,1.5928,-1.1041
777,2.7986,0.5732,7.3849,272.4119,-2.7598,1.8516
778,-5.5101,-3.6706,1.1225,582.6884,2.7814,2.2326
779,-1.5322,3.2504,6.5123,516.0004,2.0956,-0.1098
780,1.2467,-3.3331,7.3166,727.1371,3.4231,-2.8458
781,-1.9817,14.9316,9.499,437.3367,2.895,6.9979
782,-4.7192,2.4431,9.1373,668.9357,-2.9856,-3.7733
783,2.6846,1.0394,5.6435,530.4914,1.6016,1.6455
784,-8.4619,-5.0635,2.9246,519.417,2.2132,-4.8074
785,-7.2966,-3.9285,7.4764,560.1707,-3.3779,-0.5286
786,2.4901,-1.545,2.6072,684.3092,5.2585,-0.4515
787,-2.0565,5.4299,7.501,567.9911,-0.5739,-0.6589
788,-6.9039,-5.7199,10.1621,411.9616,3.6935,-2.926
789,-8.0191,0.9105,3.2576,309.6873,-1.5138,-1.9565
790,-0.1512,3.9402,7.5145,,3.013,-1.0768
791,-5.6024,-5.6832,8.4219,623.7053,-3.2214,-2.8908
792,-2.482,-5.2715,4.5319,253.0233,0.7063,2.1707
793,-2.4001,-0.9042,4.0685,381.613,-3.2167,0.8725
794,-1.7483,-7.6023,2.9586,352.5345,-3.5235,-0.0855
795,-3.8698,-1.8637,5.2502,384.7617,2.3397,1.6216
796,-1.9688,-8.3192,3.3362,731.2186,-3.7297,2.1314
797,-0.8135,-10.2644,3.4511,421.7067,1.0612,-2.2715
798,-5.2312,-2.6067,5.3782,433.7934,-1.6875,1.8997
799,-3.8189,0.6298,1.4968,468.4767,3.547,-1.3104
800,-3.6113,-7.4477,5.1844,701.1995,-2.0157,0.0512
801,-5.2358,-1.2457,5.6657,417.5975,3.1762,2.0357
802,-3.1384,-0.2556,12.8871,442.1662,4.9707,0.4173
803,-6.0683,-6.9431,4.8659,501.7605,1.3035,-5.9235
804,-8.7619,-2.2523,3.1504,651.9414,3.2155,3.6638
805,-5.3797,0.0618,19.9926,656.0964,2.0261,1.0293
806,-7.5424,1.7461,13.3143,303.1009,-2.7864,-2.2363
807,-6.1747,5.7707,5.1312,420.4866,2.7754,4.4672
808,-8.8554,-10.2686,11.6792,457.6532,-3.9234,-2.6901
809,0.6386,2.8755,15.2118,574.5827,-3.4725,2.4206
810,-4.7207,-5.0406,4.9248,552.7942,-1.4092,0.0404
811,-0.9171,-4.8889,14.2542,527.3882,-3.2057,-0.5698
812,-4.9904,4.0811,0.4048,553.7501,-2.9202,-0.2214
813,-3.6904,-0.5921,2.4469,412.4986,-3.6432,0.2067
814,-3.5308,0.8769,0.7038,628.1554,3.3636,0.6971
815,-1.5368,5.5639,2.9945,580.1703,3.6564,0.2716
816,0.9178,1.5262,5.1001,582.7155,4.5536,1.3805
817,-5.0592,6.6508,3.5155,339.3868,4.4625,1.7128
818,0.8517,10.1255,9.0289,473.1196,-3.2741,7.7697
819,-1.7528,-7.0796,10.0232,434.9732,2.8698,0.6097
820,-8.7697,6.7637,2.2164,470.888,-1.9033,3.9775
821,-1.6466,-0.8539,2.9128,307.3703,-3.9016,-0.8979
822,-7.4904,7.6566,16.076,604.9175,2.0233,4.3912
823,-0.1941,-6.9338,3.2594,680.4819,-2.5841,-0.376
824,-4.3649,-2.9215,6.2141,420.3411,2.9786,2.1143
825,-5.2564,1.353,42.660699120395506,494.4488,-1.2777,-1.4104
826,0.8693,8.3676,1.8218,234.5735,2.1596,2.1635
827,-0.1857,-4.2363,3.7188,524.7538,2.1056,-1.3545
828,-7.6849,-1.4149,2.5878,764.4948,3.552,3.8206
829,-4.8734,-0.2831,6.7435,798.3327,-3.7961,-0.1596
830,0.4796,-0.9846,15.5529,672.832,4.0285,0.0762
831,-4.788,-23.861641671512988,9.4543,552.3939,2.9557,-13.9857
832,-6.6189,22.45850437215466,4.5253,374.2064,-3.3671,4.7862
833,-5.6863,1.5619,2.9943,591.4719,4.204,-1.2792
834,-6.8174,-2.4992,5.3398,368.7836,-3.3004,2.9043
835,2.6745,-9.058,7.6402,477.6906,-5.0163,-6.0676
836,-5.0467,9.0515,2.6429,752.4333,-2.5483,5.7393
837,0.3982,10.4319,2.9469,520.0641,-2.1443,6.7482
838,-8.771,-7.289,8.6821,483.2968,-2.9368,-2.2018
839,-5.47,-8.1137,3.6955,481.9248,-2.0435,-6.6049
840,-0.298,1.8742,4.7508,401.8153,-2.2795,0.6876
841,-6.6839,-2.6569,1.5095,486.1101,2.6803,1.5786
842,-9.5932,5.806,5.8581,516.8955,3.643,6.191
843,-7.3136,-3.4976,4.4958,,1.0583,0.5303
844,-5.6858,0.454,2.1227,785.1248,-1.2422,1.0633
845,-2.1208,1.3966,6.6239,512.6015,4.0031,-0.2889
846,-8.9019,0.2006,5.508,361.9125,1.8186,0.9165
847,-3.8469,3.1509,3.305,690.6268,-1.6411,-0.8928
848,-7.0691,-0.7124,5.9401,783.6261,-1.8799,1.0897
849,-2.9973,-13.0029,2.9066,791.0235,1.5241,-2.0815
850,-5.5374,-3.0065,3.5938,825.0439,-1.1843,3.711
851,-3.6801,-3.7411,3.9928,774.4344,2.7339,3.0529
852,-4.983,8.4305,4.7481,795.8787,2.5908,4.0305
853,-6.1493,0.6324,16.5787,604.7599,-2.7436,-0.4115
854,-4.4162,-1.5999,3.9439,584.9912,3.3848,1.449
855,-1.1576,-6.1451,1.9272,562.7323,-3.3443,0.214
856,-5.7335,5.2638,4.7405,461.4025,3.5693,2.4216
857,-4.7259,-7.6944,1.2985,202.4357,-2.0747,-3.5202
858,-4.8906,2.2605,6.1708,466.4091,2.1223,-1.3946
859,-4.2923,1.0678,6.7385,432.2937,-4.4437,-0.1575
860,-5.0374,2.3412,16.9671,675.6018,-6.3359,-1.5062
861,-4.9221,7.1031,4.1684,505.986,-4.7871,5.1851
862,-7.8309,-1.8178,1.6946,419.7842,2.5017,1.7117
863,-2.2887,-4.7371,8.2405,411.5361,3.3453,1.8451
864,-3.1152,-2.3718,1.1123,585.1992,-1.3454,1.8419
865,-1.7034,25.96467004793893,10.1404,491.8618,-1.5123,15.5773
866,-6.6525,0.1743,16.1159,736.971,2.8301,0.262
867,-7.814,-10.1532,9.9857,602.3734,-1.2666,-1.1101
868,-3.5876,4.8437,6.4105,384.054,-1.9226,-0.4762
869,-6.6253,-6.654,7.1439,532.6159,2.7252,-5.392
870,-7.1702,2.7797,9.5584,674.4354,1.913,-3.7406
871,-3.9763,-6.811,1.6314,444.1157,-2.9792,-2.2667
872,-1.6544,0.246,5.8183,444.423,4.1776,-0.204
873,0.6811,0.596,2.6299,525.019,2.7734,0.4045
874,-5.3877,5.7451,5.4899,330.4825,3.27,1.718
875,-7.5536,-1.6789,7.5288,415.947,4.0959,3.4464
876,-7.3525,3.9848,1.1536,521.5385,-3.8452,2.0399
877,-5.596,4.7153,12.6803,569.0297,2.6113,0.2748
878,-1.5421,22.70586641645685,0.2334,511.6061,2.5879,13.112
879,-6.5042,-8.7768,1.9331,650.7244,-1.974,-2.1498
880,-4.9221,1.1357,0.2045,742.7103,3.1212,0.2608
881,,-3.2727,17.1532,783.1788,-2.9253,3.9823
882,2.9848,-3.4407,1.0399,472.2101,-3.0824,-4.4857
883,3.0713,2.3601,9.3374,310.4193,3.4878,4.3702
884,-4.4537,-6.9426,7.6336,616.2404,-3.3093,-2.3353
885,-7.8627,-2.8608,1.2855,167.0016,-3.1395,0.402
886,-1.7869,-5.9461,1.6297,579.2809,-0.7718,0.8122
887,6.2668,2.9865,4.4522,423.126,-3.4865,4.5742
888,0.7117,2.353,6.5167,545.8552,3.8189,1.4553
889,-7.541,-2.3241,4.0703,575.809,-5.5314,2.5198
890,-7.7931,7.3522,6.1278,405.5939,-3.6277,5.5393
891,-5.879,1.1997,7.186,415.3546,-3.4309,0.328
892,-7.8198,2.5256,5.1772,77.7314,-3.6581,-1.5603
893,-6.145,2.8326,5.5939,484.8204,3.8893,-1.0334
894,-7.7053,-1.6037,3.4296,849.9553,-2.936,4.0506
895,-2.224,-4.9124,6.0837,630.509,2.4148,0.5174
896,-6.2747,-4.9375,1.9227,,2.4466,-2.5226
897,-9.1112,-4.007,12.3027,372.2043,-1.969,-1.1882
898,-5.4343,12.3178,10.8778,752.901,1.7988,-1.1376
899,1.0335,4.6773,1.0933,464.3415,-2.5263,3.2198
900,-8.0398,-11.3878,6.3685,497.9207,-3.0016,-4.2048
901,-8.3165,0.5014,1.6767,566.2863,4.1123,0.1746
902,-4.2279,-1.3921,7.0728,745.2572,3.139,-0.022
903,,-1.9054,15.2543,500.0241,3.5449,-1.7658
904,-1.9254,4.3434,1.9006,618.5927,-1.1766,0.2
905,-6.5113,-2.7072,2.7234,644.7897,4.4479,3.3331
906,-4.5604,-3.453,3.0354,541.6132,3.0074,2.625
907,-7.2717,-1.6109,2.9717,665.1829,3.6469,3.7567
908,-7.2456,7.3286,8.6778,620.786,4.8915,3.9981
909,-1.5193,-3.4162,8.0088,676.4339,3.3276,-0.6352
910,-3.0847,2.946,12.5427,378.4014,-2.885,-1.1759
911,-4.4004,7.3389,4.5078,300.5892,-1.5446,1.486
912,-0.811,3.7186,3.7312,343.2612,2.3285,-0.4551
913,-9.2559,-0.4254,10.8245,509.8773,5.2449,1.3154
914,-8.7862,-0.7114,6.5984,520.7289,-3.4787,2.3146
915,-1.3229,-4.7727,4.2623,562.5994,-3.5802,-0.2937
916,3.9769,-4.2684,5.3279,377.1421,-3.0897,-3.9691
917,-5.1138,23.812029243559167,10.2482,866.1386,-4.6102,1.0506
918,-6.2979,-3.0842,7.3328,436.4845,4.9468,2.4544
919,1.4344,-2.454,3.5581,552.8058,-4.2856,-1.8324
920,-0.7166,0.9842,2.0701,477.9243,4.4769,0.2018
921,-3.0295,-4.4296,4.3277,536.9276,1.2697,0.8424
922,-7.2597,-3.7727,5.2579,626.1622,-3.7279,0.0803
923,-8.5044,6.6508,8.5181,495.2988,3.5414,6.228
924,-3.8009,-3.5934,8.6134,653.2187,-4.2093,0.2494
925,-4.1192,0.2326,13.0425,197.7487,2.9973,0.4895
926,-3.9138,-3.2652,1.7859,620.8847,4.5677,3.414
927,-4.4527,1.7126,6.7171,586.0485,-1.6402,-1.7013
928,-3.5143,-1.0126,2.6613,543.1879,2.6778,1.2559
929,1.5177,0.2834,5.9219,528.9198,2.9218,0.5083
930,-1.9683,2.0557,7.5766,390.5641,2.9889,0.3662
931,-1.9481,-5.239,2.1643,284.236,-3.3008,0.4468
932,-6.1621,-3.5763,1.592,500.7628,3.523,0.5731
933,-4.7136,-2.3722,1.2484,674.4484,-1.5774,3.7496
934,-7.2697,-0.1408,7.2505,374.8761,2.1024,1.5616
935,-3.867,0.1825,1.5539,414.1121,-2.2137,-0.9013
936,-9.2045,-2.0339,3.9572,640.7857,-2.0535,3.6049
937,-8.5518,1.8925,9.352,428.9715,1.3352,-0.7989
938,-7.0762,-0.4067,9.0382,459.3327,4.1452,1.7813
939,-1.7961,-1.3526,10.0431,412.0572,4.1094,1.2032
940,-6.6051,1.8689,17.3785,488.3138,-1.8968,-2.2752
941,-7.4485,-5.1209,6.6607,816.8134,-3.3281,-2.957
942,-5.3758,5.2706,0.8982,583.5077,-5.2393,1.8898
943,1.1481,-14.0831,49.96415643455749,342.3006,3.356,-5.3287
944,-5.6003,-9.3496,4.6177,785.287,2.3063,-2.9726
945,-6.4679,2.706,3.0403,492.3587,0.9927,-1.2354
946,-4.9183,-10.1578,5.9068,477.9267,3.2131,-7.4997
947,-4.5299,-0.6881,5.6059,507.0318,-4.1994,0.807
948,-9.7267,0.343,3.8348,515.1991,2.7348,0.1349
949,,-4.0401,6.3932,494.7025,-1.3058,0.5455
950,-6.1449,3.5101,2.272,703.5093,3.3037,-0.7232
951,-4.7355,8.8084,9.5698,452.1406,-2.6071,7.4195
952,2.0932,1.1006,2.6922,475.4549,2.8858,1.1886
953,-5.9504,-6.9874,2.9246,614.5918,-3.9354,-3.3549
954,-8.2311,7.3976,8.534,274.3777,-2.9583,4.7413
955,-2.4587,2.7902,1.1804,352.4825,-2.3106,-2.6105
956,-5.826,-1.4543,9.7169,627.1893,-4.6758,0.7258
957,-9.2081,1.1478,4.2002,670.2555,-5.1821,-1.4134
958,3.8185,7.2504,19.0097,569.6701,5.2083,4.5613
959,-2.8414,-3.6677,12.121,318.0889,-2.2833,2.853
960,,9.9717,1.7925,673.7848,4.0654,2.36
961,-3.5618,1.352,11.4525,859.7674,3.0336,-3.4099
962,-8.0564,-3.4333,5.4542,558.5289,-1.8909,0.2151
963,-3.5366,0.857,3.7067,285.61,3.8552,-1.5079
964,-5.6446,-4.7286,1.1657,617.6427,-2.7614,1.5002
965,-3.7102,8.1719,2.2503,487.8081,-1.1034,3.3865
966,-6.7909,1.4317,0.8471,681.9476,2.6154,-0.7352
967,-7.4566,-2.2457,3.7776,439.6926,-2.883,2.6032
968,-2.8046,4.4307,4.0679,370.9239,3.1706,-1.8648
969,-4.9452,-5.2835,2.5049,695.9831,3.7032,2.2774
970,-1.0935,-4.4775,3.444,219.6539,-3.7615,-0.1625
971,-1.3593,4.3153,12.1294,446.0142,-4.1176,0.2246
972,1.4062,-9.47,8.0797,584.0421,-3.5144,-7.2552
973,-3.4238,-3.866,2.7891,685.4307,1.8549,3.2987
974,-3.0147,-8.0799,1.4325,622.7471,2.4659,0.7536
975,-2.7502,-5.9798,4.4434,494.3161,3.1514,-0.5199
976,-4.9809,-5.0081,10.2716,977.9862,3.1226,0.1069
977,-3.1075,-0.6706,5.8547,416.5301,-0.7887,1.1869
978,-9.7044,-7.7021,0.3076,364.6643,3.2279,-0.3074
979,-0.2186,-3.9727,4.8427,446.5285,-4.5214,-2.0356
980,-2.9459,13.2686,1.8592,357.4737,-4.5641,4.1522
981,-5.4677,-7.0076,2.4739,512.1687,2.9605,-4.8719
982,-1.8702,0.4386,4.6437,810.4922,1.1741,-0.1913
983,2.8591,2.3813,3.7845,730.7398,1.928,2.6291
984,-4.5559,-1.1469,4.9851,350.441,2.9033,1.9922
985,-4.6948,-15.156,2.3466,572.4273,-2.444,-2.8627
986,-4.9666,-5.6321,19.3858,223.4371,-1.9987,-1.7446
987,-6.7002,9.6391,10.7204,555.0979,-2.3229,3.0002
988,-5.0049,1.4169,4.8846,649.7126,-1.7224,-1.1263
989,-6.2107,-0.7702,13.7823,492.9876,4.9279,1.1077
990,-8.3852,-5.4244,8.5125,220.5705,-5.1471,-1.0135
991,1.9924,3.0548,9.4189,658.5096,3.6953,0.3952
992,0.4463,-5.5739,6.0602,593.14,-2.1529,-3.6134
993,-3.686,-2.1074,2.6141,349.4802,-3.3481,0.6472
994,0.3219,7.1496,10.5244,,-3.6199,1.4545
995,-6.2334,-3.329,4.5181,495.411,1.9855,1.3591
996,-6.3225,10.134,3.5005,329.6604,-1.9841,1.5295
997,-7.2459,-4.8364,20.1577,274.2392,-1.2541,-4.1065
998,-7.5728,2.9729,7.7342,296.7371,-2.6464,0.1264
999,-2.5267,-6.6056,4.8923,276.9065,3.9502,2.1254
1000,4.4781,2.6583,3.6806,379.5917,-2.1733,3.4635
1001,0.3827,-4.4393,4.2491,689.8284,3.6634,-1.2916
1002,-5.6192,-3.184,6.4966,595.9606,-3.8861,1.4018
1003,-6.0798,1.0168,5.363,515.2412,1.6523,-1.0112
1004,-7.5845,8.6509,43.419437207850834,485.2953,-1.5833,3.156
1005,-8.1765,5.0713,1.0908,412.2405,1.3314,3.6417
1006,-8.6589,3.6056,3.5922,564.6269,-2.7574,2.2266
1007,-9.7961,3.1853,11.8462,518.8113,2.6953,1.1584
1008,-3.4858,-2.9472,12.1228,822.5466,1.8296,1.0945
1009,0.3698,-3.2428,7.9107,586.4842,-3.5077,-2.4135
1010,-5.897,-2.3824,1.2599,351.3209,3.0543,0.9071
1011,-6.8006,-1.17,4.7985,312.7005,3.0395,2.0336
1012,-9.1628,-10.9705,10.8693,738.8338,3.2266,-4.4391
1013,-3.2131,-0.8599,6.0832,740.2848,-4.3383,-0.1004
1014,,1.0982,12.3389,376.0263,2.9508,-0.2232
1015,-3.7174,1.1923,4.1948,566.5839,-3.6173,-0.2383
1016,-7.7811,-0.451,11.0842,402.2072,-2.3314,1.8035
1017,1.2407,7.172,9.3107,490.7951,3.7775,6.5424
1018,-1.6656,-9.2153,5.3701,374.5719,2.7133,0.7748
1019,0.5282,3.4052,4.0864,509.3648,-3.4573,2.1377
1020,-5.9164,-2.5867,4.7405,496.2954,-1.9446,2.4675
1021,-8.6115,1.5919,2.0519,670.0533,2.4833,-0.7412
1022,-5.4695,8.9953,2.0438,625.1083,3.7665,7.2933
1023,-1.7797,-8.5764,3.7794,372.1141,1.2513,0.6008
1024,-8.1587,-0.252,2.1018,531.5953,-1.1256,1.0024
1025,-2.284,-0.0735,3.8356,610.9639,1.4629,0.6379
1026,0.5054,8.4261,2.8711,543.4745,3.0684,5.1249
1027,1.5174,-3.7164,3.1463,426.8683,3.4155,-3.7788
1028,,-7.9035,12.3549,667.5469,4.1847,-3.4027
1029,-4.418,-0.9648,4.3535,465.3727,3.9127,0.7179
1030,-2.4075,-6.4665,1.4604,584.9086,-2.5713,1.6564
1031,-1.0251,-1.3838,11.2336,638.326,2.1803,-1.4547
1032,-7.6413,8.5448,3.0467,234.3415,2.2467,-0.185
1033,-3.0455,1.6232,1.5974,841.6533,3.2845,0.3544
1034,-2.3184,-6.0964,11.6199,688.5317,-3.0066,0.9113
1035,0.8828,2.2301,5.7591,408.9015,-3.1189,2.146
1036,-7.4452,-4.3873,10.1244,539.2438,2.3354,-2.2751
1037,-1.0838,3.3472,2.4393,371.5247,-2.3326,-1.1042
1038,-3.8662,-4.1771,8.9615,410.4519,-2.7008,3.2642
1039,-5.9979,0.8528,7.339,370.1916,-3.7603,0.1572
1040,-7.8887,-1.7082,6.8209,425.2712,-3.5278,3.5294
1041,-6.569,-5.3258,4.6097,586.9958,3.5003,-2.0785
1042,0.1897,-22.57777258204406,0.6103,681.2485,3.9265,-4.2047
1043,-8.4305,-4.325,2.7701,361.6671,5.9382,-2.9728
1044,-7.3963,-4.8458,3.1341,313.4957,2.3337,-2.5551
1045,-1.9366,-7.7682,12.4439,770.6616,-2.2741,0.9172
1046,0.7243,8.5728,5.3153,477.8017,1.222,6.0811
1047,-6.6001,0.5013,5.1213,656.7471,-2.2795,-0.8106
1048,-5.9337,-8.3006,15.6075,337.2548,-2.5843,-6.1752
1049,-2.2125,6.0774,7.6192,700.7779,-2.7999,-3.1619
1050,-5.3797,0.0618,19.9926,656.0964,2.0261,1.0293
1051,,-1.098,7.2245,279.019,3.1532,0.95
1052,1.9315,12.3698,10.8726,532.627,2.6583,8.0864
1053,-3.508,-0.8062,0.5088,307.7878,-3.2155,-1.3156
1054,-7.9225,5.7544,6.3701,298.8542,4.1928,5.7266
1055,-8.6406,15.7482,2.7611,548.9572,-3.8039,5.2981
1056,-7.0961,1.2261,4.0535,283.19,-1.3158,-2.2476
1057,-0.5634,2.9722,3.8147,738.4345,-4.3728,0.3598
1058,1.6882,-1.9064,10.514,445.2417,1.3801,-1.0018
1059,-1.2177,8.7691,1.6301,580.3785,-3.7816,1.641
1060,-6.613,-2.6258,7.8448,556.7339,4.4115,0.8286
1061,3.218,-4.7091,4.1828,525.8088,-4.3206,-5.4342
1062,-5.6033,-7.0854,4.7489,395.8252,-3.2705,-3.9859
1063,-0.0421,0.26,14.9299,548.5449,2.8418,0.2381
1064,-1.1896,2.1528,2.7593,411.9736,1.4435,-0.4017
1065,-2.6947,-0.7855,13.7695,515.1144,3.8681,-0.1099
1066,-1.4982,8.8323,6.497,851.4286,-2.7147,-2.7908
1067,-2.6566,2.1097,3.1764,836.7023,-3.5691,-0.7422
1068,0.6059,-0.4446,10.2994,507.6371,1.275,0.1045
1069,-5.6955,-4.6688,5.918,580.9482,4.6627,0.0084
1070,0.8296,-1.6245,10.6547,465.7459,2.9456,-1.4501
1071,-5.9581,-5.6042,10.1639,422.0488,-2.9915,-1.4326
1072,-5.5392,-1.4815,2.0309,466.1028,2.6901,1.6603
1073,-5.441,-7.7314,4.9403,363.2327,2.3226,-4.1714
1074,-3.3616,5.8161,4.6328,562.3069,4.8927,-0.3921
1075,-8.0336,5.9517,3.5863,598.0839,-3.476,6.4829
1076,-5.2129,1.8542,0.5636,681.4841,2.0551,-0.3541
1077,-1.6627,-0.442,5.528,592.7694,-3.8384,-0.4541
1078,4.9508,-12.4785,1.1878,391.9582,2.0688,-4.6983
1079,-9.4408,10.968,2.5061,414.5958,-1.0605,6.5077
1080,-6.4546,7.8747,2.4052,722.0275,2.9924,5.7109
1081,-0.8739,1.5574,35.11245772542725,355.7356,2.8167,-0.9155
1082,-6.3563,1.7078,2.6559,370.0144,-2.1505,-2.7969
1083,-5.8948,-4.4647,3.6049,525.4105,4.2439,-0.7527
1084,-2.2623,-3.1037,6.5875,370.2656,-1.8836,2.0605
1085,-8.3229,4.1779,5.6611,567.8936,3.7134,3.263
1086,-6.9099,-1.1487,2.2449,579.1158,1.7012,2.58
1087,-7.491,5.9191,5.3218,499.5627,-1.9555,6.706
1088,-2.077,-9.5667,6.1808,539.2278,1.3192,-1.8683
1089,-6.5031,-4.9437,6.8107,499.7728,-3.1891,-2.1153
1090,-8.1852,3.3587,1.26,417.9742,-1.3866,-0.3377
1091,-6.5363,0.9915,4.3034,562.7137,0.655,-1.1624
1092,-2.526,-1.1045,6.137,242.5254,-4.6117,1.412
1093,-5.6533,3.3901,3.9237,399.6355,5.085,-1.3692
1094,-4.3729,4.0543,8.7927,337.6763,-4.8415,-0.3046
1095,-2.9855,-0.7523,1.9587,341.5594,-3.5348,-1.0803
1096,2.3698,8.3853,0.6556,391.6105,-1.655,4.0681
1097,-4.6584,11.007,1.513,524.5807,2.2743,8.1671
1098,-0.8327,0.8119,6.0959,425.8253,-1.9612,0.6918
1099,-8.2103,-8.7892,5.0711,444.9466,-2.2867,-0.9515
1100,-3.5236,1.8573,8.3516,630.6226,-1.9523,-2.7181
1101,-1.4859,0.0547,5.0741,438.324,3.2614,-0.0078
1102,-4.925,4.0332,1.027,,2.3374,0.2005
1103,-4.0039,-9.8651,8.4515,518.1773,-2.9686,-6.5928
1104,1.9669,-2.2919,9.8434,329.1071,3.0524,-0.4603
1105,-8.9376,-11.0419,3.9748,348.4114,2.4751,-4.0919
1106,-1.7336,-0.8881,5.2326,471.8459,-2.3764,0.3423
1107,-7.3455,2.006,3.0887,350.7842,4.343,-2.8035
1108,-7.8059,4.9906,1.7226,686.8335,-2.2929,5.2795
1109,-4.6534,-1.6508,15.2729,281.032,-3.2137,1.5176
1110,,-3.4436,9.6199,525.5601,0.5757,1.0915
1111,-9.7381,-5.5529,3.3126,669.3435,-3.1423,-2.3226
1112,-3.9807,7.2165,7.1007,378.565,-4.5396,2.9663
1113,1.7571,-1.7975,3.4488,467.3074,-2.6802,-2.3631
1114,2.4725,4.0543,0.6001,654.1826,2.711,4.9387
1115,-5.9841,-2.3171,4.1379,492.1328,4.5651,2.177
1116,-2.861,3.0674,4.4257,390.2211,-1.5412,-1.5075
1117,-7.3945,-12.1316,3.0938,238.7354,4.7409,-0.9945
1118,-8.5719,3.5194,2.2781,367.0002,-1.4486,-0.3434
1119,0.8691,-3.8746,5.5206,608.1484,2.7209,-2.8919
1120,-2.8013,-3.6262,2.497,476.1197,-1.5218,0.7562
1121,-9.6544,2.7001,3.8871,505.9034,-3.8309,0.96
1122,-5.5247,-0.3817,3.9761,353.8749,4.3238,0.4292
1123,-6.3521,3.2085,9.3022,690.9365,-1.8769,-3.5678
1124,-7.3646,-6.0491,7.7502,739.7971,2.9944,-4.4076
1125,-6.0385,8.0226,1.3828,492.2908,-2.461,7.073
1126,-4.6538,-9.1978,4.1724,668.6621,-1.8088,-4.2417
1127,-4.423,2.8112,3.5114,652.9893,5.3174,-1.439
1128,-4.4209,-0.7547,12.8613,524.9508,-2.3599,0.5826
1129,2.515,11.6163,2.2725,379.8169,5.0602,3.8689
1130,-6.8798,0.3103,6.3838,396.7025,-2.7564,0.1822
1131,-0.5606,-3.9703,5.2056,494.5329,3.3006,-1.2872
1132,-9.0646,-10.0279,12.1614,618.6029,-4.2426,-2.9373
1133,-6.5991,4.5063,6.4953,649.4694,-2.3606,0.5206
1134,-0.3205,3.8542,2.528,819.822,-3.9659,0.9017
1135,2.0771,-5.2769,15.1006,76.9747,3.7463,-3.6982
1136,-5.8496,-4.7106,14.9914,461.9539,-2.6272,-1.495
1137,-5.4196,10.4885,8.8242,545.2688,-3.5489,6.8581
1138,-8.8135,4.3135,3.5907,578.6345,-2.252,4.5687
1139,-6.278,-0.62,7.8353,502.2551,3.6365,0.9652
1140,-5.5801,7.7222,6.1454,391.2621,2.4311,6.2603
1141,3.0367,-10.4979,1.2866,670.7422,-4.1471,-0.3287
1142,-4.1214,-9.6034,6.8515,513.5062,-4.2987,-6.9909
1143,-9.8187,-6.008,6.622,772.8616,-2.5337,-1.4721
1144,-8.0769,-5.4363,7.8946,695.0265,-2.6052,-4.3576
1145,,-2.4887,2.68,628.2417,-2.3248,3.1096
1146,-6.2076,-3.3219,1.4246,674.4923,-0.9029,3.4925
1147,-3.8187,-7.7088,10.9724,472.7509,-3.5688,-2.6101
1148,-7.6823,9.4601,4.2393,420.8955,-0.9208,1.6233
1149,-1.9676,0.456,1.9297,565.2573,3.6249,0.7552
1150,-5.0176,3.2642,3.6207,536.1614,-1.7841,-0.9841
1151,-0.8053,-3.9033,2.2018,430.0838,5.0117,-1.0976
1152,-4.8591,-4.9915,4.2232,203.102,2.0365,1.4095
1153,0.4746,0.8727,6.6948,459.9213,-3.0644,0.2172
1154,-2.6069,-2.8589,0.6425,413.6765,3.3198,0.0046
1155,-1.0959,-7.7214,3.7681,462.8974,3.8656,-2.1955
1156,-8.4181,1.1913,7.6543,560.3394,-3.0695,-1.8057
1157,-6.7599,-5.0498,4.2743,672.3522,3.9212,-1.0773
1158,-0.7695,0.1973,5.0721,707.365,2.457,-0.4055
1159,-6.2992,26.934692726147837,15.2753,356.6368,3.1946,8.8342
1160,-7.719,5.81,4.8892,496.4573,3.5043,6.9336
1161,-1.7496,-8.5303,3.387,305.4631,4.3423,0.8904
1162,-1.598,-4.8344,6.9759,527.8095,-1.9318,-0.3837
1163,-6.3264,2.4738,3.6688,551.7162,2.6484,-1.3386
1164,-0.3837,-0.6703,9.1411,312.2117,-1.5226,1.2557
1165,4.8389,4.7447,3.7459,502.5603,2.5501,5.153
1166,-3.8045,-9.4719,7.6374,409.2979,-1.7992,-3.3329
1167,-3.3552,-3.648,13.2358,410.0526,-2.6066,1.6955
1168,-0.8519,1.1805,4.8737,226.1732,-2.5563,-0.1292
1169,-5.2006,0.2868,6.8412,560.2308,-3.1346,-0.6299
1170,-3.4841,-0.1118,13.4567,568.2764,3.0727,-0.6512
1171,-9.1123,4.0433,8.2416,278.199,5.0992,4.8872
1172,-7.3999,-5.2839,17.0081,402.6385,2.6813,-5.4393
1173,-4.7061,-4.7431,18.0441,723.8397,3.0546,3.3903
1174,-3.4568,-5.606,6.0843,473.6963,3.3346,0.1591
1175,-1.5786,-0.4483,1.9582,377.3628,-3.5108,-1.0093
1176,-4.2704,-1.0944,3.8349,272.2367,-2.8052,1.1763
1177,-9.1761,-1.164,3.2173,371.2286,-3.697,2.6887
1178,-2.9265,-10.1252,20.0675,435.3395,-4.1154,-4.4768
1179,-8.2403,-4.6388,9.9932,472.7891,3.6702,-3.0218
1180,-5.3307,-4.8222,3.2317,562.4989,3.426,0.593
1181,-7.5449,-0.5507,8.7609,621.3966,1.3366,0.2733
1182,-9.3125,-2.3442,1.7485,455.965,2.4328,0.8928
1183,-3.468,12.131,4.8092,327.6231,1.6075,5.3342
1184,,12.1632,45.85062176743803,408.7641,-2.3129,7.3336
1185,-5.4629,6.6066,14.4466,336.8244,3.0852,2.3212
1186,-2.1553,-1.4025,7.8963,644.111,3.2246,-1.0216
1187,-3.483,-2.7339,0.6418,365.1689,-3.2011,0.1077
1188,-7.2659,-0.0887,8.5758,422.6848,-2.9884,2.0998
1189,-0.9587,5.3259,3.7241,533.6899,4.1806,1.0083
1190,-6.2947,-3.665,3.9672,369.6753,-2.3137,0.6416
1191,-7.1243,-1.5138,3.5097,573.7722,3.5796,3.1884
1192,-4.0245,-5.7194,15.7386,580.9586,-2.1505,0.2093
1193,-9.0969,-3.3856,15.5099,274.6602,-2.7832,-1.4532
1194,-3.0902,-1.4983,7.7927,473.7135,-2.0742,0.448
1195,-5.5266,4.8075,2.1515,667.7253,-3.1524,1.0109
1196,-4.1351,3.9444,5.5357,608.8732,-2.9676,-2.0287
1197,-5.1813,4.3144,3.5232,315.3532,-3.1506,-2.3829
1198,-7.1842,12.0306,2.0526,702.4319,-2.4486,1.3552
1199,-7.1744,-4.9905,37.694015209319126,290.0985,-1.4163,-3.9089
1200,-9.0868,-3.0768,1.8081,400.0605,5.1336,-0.7803
1201,-3.5481,-2.0844,12.5571,618.3131,-3.4089,0.9025
1202,-4.1894,-1.7241,6.6592,605.0333,-4.409,1.1106
1203,,-3.336,3.9627,573.097,4.0217,1.7006
1204,-5.9224,-4.4833,5.7511,,-1.2203,1.574
1205,-5.5838,0.3297,3.4966,365.55,3.1329,-0.4339
1206,-6.9541,9.2196,3.4461,489.4309,1.8021,4.3439
1207,-5.3853,0.2579,1.7657,470.8123,-2.5033,-0.8615
1208,-3.8261,5.4332,5.7788,477.7356,1.089,0.0671
1209,-0.9441,-2.4509,8.8153,442.4783,-4.1128,0.6468
1210,-6.3675,3.3418,16.6089,648.5449,-2.6648,-0.9603
1211,-1.5515,3.2413,8.064,406.025,2.2077,1.1129
1212,-9.0204,0.194,12.3816,402.1103,2.0655,0.3126
1213,-7.3202,10.467,12.8143,530.4872,3.0934,1.998
1214,-2.4753,0.7077,4.9479,255.7619,-5.9338,0.0792
1215,,3.0185,11.4649,519.7625,-3.9654,-0.7285
1216,-0.2166,-8.7319,10.2175,702.1517,-1.3233,-2.9305
1217,-3.0589,2.9726,7.1221,618.8206,2.6988,-1.7231
1218,-0.4726,-0.7368,10.9869,418.8855,3.3925,0.3942
1219,-7.7089,3.2189,0.5131,440.1947,2.2077,-1.4335
1220,-0.3002,-4.6858,2.185,429.7813,2.3495,-2.1134
1221,-1.2555,-1.0698,15.1565,525.5015,-4.5639,0.4914
1222,2.9296,2.4702,3.9211,257.3568,6.6028,1.9462
1223,-5.8636,2.3963,2.5558,295.5345,-2.433,-3.266
1224,-0.5936,-7.5553,5.6384,479.9711,-2.4096,-2.3338
1225,-2.9363,5.6936,3.271,343.5837,3.4177,-2.305
1226,-4.8752,2.3654,6.2943,12.45,3.8981,-1.7221
1227,-9.063,0.1028,10.1109,388.2866,-2.2504,2.27
1228,-8.8619,6.3769,5.7411,398.549,3.0497,5.7638
1229,-4.164,-5.657,4.3808,542.3675,3.0562,-0.3561
1230,-8.4297,0.2996,4.7059,165.7486,-3.8331,0.2725
1231,-7.4826,-3.2576,6.7778,570.9568,3.8253,0.4016
1232,-0.5452,-2.0277,4.3091,462.8439,-1.4524,-1.0094
1233,-5.7259,0.1173,2.7024,405.0789,2.8748,-0.5813
1234,-5.8264,3.7685,12.1367,310.0192,2.6531,-0.6871
1235,-9.1874,-5.7821,3.827,603.0163,3.2509,-3.1209
1236,-6.6397,-1.8456,20.0474,264.4645,-3.1493,0.6839
1237,-8.5707,-9.8574,2.3971,539.2786,3.9047,-1.1006
1238,-2.9387,0.5078,1.9014,642.1731,2.9686,1.3274
1239,-8.2489,3.0604,10.3876,370.654,-3.4913,1.1784
1240,-9.1434,-3.7594,8.3604,200.002,2.4147,1.8634
1241,-7.5608,-5.6127,8.8111,615.1766,2.6973,-5.3227
1242,-4.4582,-0.3181,6.2323,217.1203,1.5625,2.0118
1243,-0.2777,-5.3489,14.7293,520.4467,3.465,-1.9896
1244,-4.8105,-0.0485,3.2503,363.7769,2.7622,0.0614
1245,-6.1305,-8.119,4.0394,371.5873,-4.028,-4.5632
1246,-6.915,-2.7913,3.0058,711.4152,-0.5159,3.9528
1247,-1.9592,-4.3027,12.8221,387.7986,1.4527,1.2412
1248,-7.5361,-8.1784,1.7718,527.4863,4.1869,-4.1091
1249,-5.1393,4.6041,5.9248,727.4521,-3.1876,-1.6485
1250,-7.176,-1.991,3.6516,309.0117,-2.5879,2.367
1251,3.0409,0.7833,2.9749,459.7951,2.0094,0.9438
1252,-5.0778,-3.2457,43.20472032575136,645.5951,2.7371,1.66
1253,2.7181,1.0817,5.1613,538.2992,1.7001,1.3559
1254,-2.0327,1.2478,3.2251,362.2526,-3.804,-1.4503
1255,-1.6054,6.4659,19.1167,858.9518,4.0743,-0.2426
1256,,1.8911,5.3669,358.2778,-1.2903,-0.128
1257,-9.4403,-1.6658,54.34175819556228,514.5299,2.8676,2.9488
1258,-8.4306,-0.6518,7.2483,608.6642,2.8189,0.9915
1259,-3.687,5.4036,2.4064,846.1532,-3.5056,-0.9102
1260,-8.6493,2.1673,3.8502,671.9708,1.4398,-0.7795
1261,-4.5927,-7.5401,1.673,358.4022,-3.0445,-4.1188
1262,-4.4715,-10.808,3.6693,594.3628,-3.4085,-6.4071
1263,-5.1804,-1.3145,6.4029,528.7991,-1.839,1.2081
1264,-3.4169,-8.0615,3.4664,589.9368,4.5929,-1.4521
1265,-4.3782,-8.6896,5.8554,433.9511,-4.2177,-4.7153
1266,-3.1396,4.8399,6.5367,817.6595,3.2863,-3.8418
1267,-6.8231,-6.258,6.6267,411.9544,-4.4456,-3.8945
1268,0.6558,0.4837,6.7826,363.3245,3.4039,1.4696
1269,-7.9905,-0.2559,7.7287,534.4465,-2.2186,1.4325
1270,-0.8241,4.3638,7.2327,326.3099,-2.5108,0.9019
1271,1.505,4.5713,13.6111,500.8187,2.116,4.5236
1272,-5.2922,-9.1028,1.4449,166.1097,-3.113,-5.1988
1273,-3.1523,3.2593,5.3704,676.0763,-4.1,-2.3034
1274,-8.3194,1.8709,4.1913,365.0213,4.2445,-2.2916
1275,-3.5631,9.6442,8.9073,324.9766,-2.9438,4.9738
1276,-0.7369,2.5294,2.6001,511.9994,3.0339,0.7254
1277,-0.1419,-4.4624,5.2079,802.8799,-2.0984,-0.7357
1278,-6.3303,-4.343,6.1126,455.8859,4.1265,-0.4069
1279,-3.4819,-6.5739,4.8165,846.8066,1.7767,1.6957
1280,-2.6,2.9908,14.1456,437.2627,-4.0532,-1.2873
1281,-3.3439,-10.254,4.8804,466.262,-2.7037,-5.8633
1282,0.4159,-0.6795,2.754,679.4201,-3.3927,0.9518
1283,-2.7656,-1.4981,1.9817,573.8656,-4.6504,0.9478
1284,-6.7006,1.7529,0.226,616.01,1.5099,-1.4416
1285,1.808,-3.9643,8.28,655.7579,2.9584,-4.4525
1286,,4.4749,8.8965,579.6628,-3.2133,0.7214
1287,-8.1356,-3.9401,6.8026,518.7301,3.343,-1.1931
1288,-6.7547,-0.577,17.0198,498.6694,-2.7471,0.147
1289,-3.5557,-6.6723,1.3876,431.5057,2.5139,-1.5202
1290,-5.3105,8.5709,6.5585,214.6061,-0.6593,5.3439
1291,-9.0529,7.8378,6.3022,400.3598,-2.7534,2.1599
1292,-4.8006,4.0852,3.423,175.8416,2.1188,-1.9334
1293,-3.3608,1.765,7.2512,545.0263,3.5747,-1.5048
1294,0.8423,7.2213,0.7598,728.0996,-4.3878,4.465
1295,-3.1907,0.3581,8.5257,581.7888,3.1559,-1.5199
1296,-9.6894,2.2928,7.2082,359.449,-5.0472,0.7088
1297,-6.0629,-0.936,7.0151,542.941,-3.8122,1.2442
1298,-3.1784,-0.914,1.4916,439.1619,-2.2088,0.2597
1299,-6.89,3.6538,9.4173,414.471,-2.835,1.2084
1300,2.091,8.0393,8.19,554.0025,-2.6532,6.0207
1301,,1.8586,3.3524,730.2683,3.3395,-1.5977
1302,-2.2287,-8.07,5.7502,,3.2423,0.3031
1303,-6.2732,-0.0437,3.5292,113.2561,3.7524,-0.7264
1304,-3.36,-2.0014,7.9873,,-1.7538,1.128
1305,4.0545,5.7318,9.217,,-4.3844,5.1873
1306,-0.6222,2.5615,8.2569,77.2544,2.2139,1.341
1307,,-5.5441,8.537,728.1277,-2.3461,-0.0483
1308,-6.2817,-4.382,6.9135,509.9141,2.859,-1.0565
1309,-8.2092,-0.5445,1.1768,861.746,2.1623,3.8516
1310,1.6698,-0.5527,6.0677,276.3158,4.6969,0.3732
1311,-7.3832,3.248,11.7631,608.4165,1.3159,-1.7358
1312,-9.7332,3.6643,5.9418,501.9221,3.8931,3.7894
1313,1.2927,-5.7924,18.9859,361.692,-2.5589,-5.4606
1314,-6.2628,-3.2057,7.945,472.5922,3.1437,1.983
1315,-8.2987,13.4025,3.4979,522.0516,-4.6172,10.5276
1316,-4.2654,-9.1959,8.6057,589.2985,3.0641,-6.4507
1317,-3.2342,7.6827,3.0946,185.2719,2.6755,-2.0832
1318,-5.4299,0.9688,5.1699,716.0165,1.4944,-1.3739
1319,-7.2303,-3.4852,5.814,428.9176,3.7599,0.9089
1320,-8.0759,-3.0199,2.0479,421.2997,-1.8714,0.8002
1321,-6.1167,0.1507,7.2066,641.16,3.4916,-0.9047
1322,-6.5159,8.2724,5.7902,710.9349,5.0712,3.0649
1323,-5.004,-2.7391,7.6135,553.0091,-3.4676,0.9247
1324,-2.8436,-0.486,6.0492,583.2451,-2.1533,0.1859
1325,-7.3667,3.9996,11.6102,373.2894,-2.7891,2.0355
1326,-5.2289,-1.6422,2.204,309.5115,2.2664,1.1385
1327,-5.1214,0.816,12.3163,708.1769,4.7419,-1.7378
1328,-5.7699,-2.1045,5.4771,547.8681,-1.793,2.1753
1329,-6.4942,-7.9068,13.2278,302.2586,2.5628,-4.1349
1330,-8.5625,2.2397,3.6871,389.4107,3.9166,-2.003
1331,-8.1811,1.5551,8.7304,399.8924,1.925,-0.8604
1332,-4.743,-0.3274,3.5909,362.0153,2.7952,-0.28
1333,-8.3732,2.3499,6.4703,393.7721,-1.5099,-0.8464
1334,-6.7769,8.692,6.0936,333.9225,4.6954,4.1162
1335,-7.2272,3.9054,3.3971,369.3615,-4.1993,0.197
1336,,2.255,2.6615,362.5042,-3.163,1.4755
1337,-5.9984,6.1219,2.3278,664.7354,2.9373,3.9122
1338,-6.1079,2.7754,8.4774,521.6046,-2.1379,-1.5476
1339,-4.7253,4.3411,10.8474,421.5344,-3.6161,-0.474
1340,-6.6614,-7.1741,1.4344,460.5538,2.9963,-6.7769
1341,-4.6133,-4.7255,3.5296,574.3275,2.6129,1.2035
1342,-4.5719,-0.4187,6.115,677.7116,2.4078,0.2962
1343,,-0.8729,2.1648,526.0735,4.0429,0.8029
1344,,-2.2806,0.8654,566.123,4.0606,1.8402
1345,-5.7482,0.3058,5.6745,410.5064,4.4302,0.515
1346,-4.6814,5.7695,51.97451140992389,231.6432,2.4779,-0.6934
1347,-5.5387,3.4513,2.3347,341.7469,4.0869,-2.7518
1348,0.7958,-10.3382,8.7802,413.7037,1.867,-5.1405
1349,-4.3975,-1.899,9.9139,672.8376,2.9211,0.552
1350,-8.6283,4.1682,6.295,471.9389,4.1508,4.653
1351,0.192,-6.4667,5.2818,747.3787,3.2749,-1.1604
1352,0.8744,7.3787,9.1677,426.7589,-3.2638,5.6899
1353,-7.2225,1.8545,7.3997,756.1323,2.6623,-4.3237
1354,-9.4122,-5.5509,8.6878,568.4747,1.8701,-5.3385
1355,-3.1167,0.1212,1.117,382.315,-3.7419,-1.1636
1356,-7.0936,7.6122,6.937,394.9824,2.8065,5.6797
1357,-0.7262,-5.6658,2.9029,447.954,2.1043,-1.8304
1358,-9.6141,-3.6303,3.5685,576.7123,-1.8721,-1.8011
1359,-3.1393,-8.6128,5.4845,376.1319,-3.2508,-0.7602
1360,-1.9871,1.2238,9.193,407.1517,-4.0043,1.0431
1361,-4.3614,0.0246,2.1213,528.0603,-2.2489,0.4837
1362,-5.3359,2.1245,2.4765,232.2584,-4.5604,-3.6269
1363,-8.1114,-5.7058,6.6272,717.7063,-4.8658,-4.2555
1364,-9.4682,-4.8188,2.9999,370.099,-2.8518,-4.4484
1365,-6.0304,4.1894,1.5618,576.3568,-2.1286,0.975
1366,-2.8362,3.2333,2.8218,406.2339,-4.5322,-1.7312
1367,-4.9111,-3.7104,2.2353,549.0248,4.4928,1.7471
1368,1.1455,2.5953,6.3726,394.4515,4.1043,2.498
1369,0.5538,3.616,6.1398,692.5609,2.9052,0.5947
1370,0.0006,4.1927,3.8337,679.4225,0.975,1.1476
1371,-5.0665,3.4104,4.1545,718.8741,-5.5204,-2.4986
1372,-7.2804,1.4943,1.9787,766.2556,3.9526,-0.5153
1373,-2.9033,-0.4336,2.4811,496.2897,-2.6974,-0.1739
1374,-3.7668,4.2293,18.8643,681.2412,-1.6692,-0.7717
1375,3.6873,2.3408,5.4238,456.9377,2.923,3.3491
1376,-5.4614,6.4862,3.778,569.91,1.5515,4.6148
1377,-7.7901,-1.0379,7.7807,455.8815,3.5039,2.4864
1378,-3.1929,0.224,22.131,452.5095,4.3707,-0.4114
1379,-7.5578,-1.414,9.1005,508.151,2.9048,3.0443
1380,-7.5339,0.6512,8.433,847.6274,-4.4037,-3.2629
1381,-4.3956,-2.1074,9.2874,610.7849,2.0959,0.699
1382,0.9079,1.5871,4.2994,254.5547,-2.8928,0.3018
1383,-0.9507,-3.9179,5.0057,,2.8527,0.8528
1384,-2.4112,-11.6921,4.8748,681.4054,2.0276,-1.6023
1385,-0.0471,6.9605,4.8473,465.3704,2.2526,3.4375
1386,-7.8016,2.5416,7.5451,429.0339,-3.6031,-0.5659
1387,0.0625,-3.8447,5.4581,448.5923,4.0318,-2.1243
1388,-5.2131,-0.0716,4.1809,596.9068,2.6714,0.509
1389,-6.7455,-0.5768,6.0759,400.7768,-3.1878,2.599
1390,-5.8508,0.0367,3.4306,601.1372,4.1004,0.8024
1391,0.7262,4.8209,1.5366,469.602,-2.9365,3.3194
1392,0.5196,0.1676,3.5044,364.5635,3.2973,-0.486
1393,-6.3174,-0.8707,2.6896,622.1803,3.4024,2.0757
1394,-8.2559,-3.134,10.1667,313.637,-3.2314,2.7249
1395,-4.978,-0.3411,11.3081,433.3281,-1.859,1.3273
1396,1.8052,-0.2108,2.7291,389.7572,-2.5598,-1.3368
1397,-5.4088,1.476,7.475,302.2862,-1.2016,0.1901
1398,-5.3318,4.0441,5.9624,347.1736,-2.2683,-0.5221
1399,-6.6601,6.0577,7.473,718.8328,-4.2289,2.6783
1400,-4.4339,-1.1825,0.4959,619.7972,-2.8227,2.7169
1401,-8.3047,4.3834,6.637,490.3534,-2.6463,4.7693
1402,-8.0295,-1.1664,7.0576,637.506,2.2018,1.4676
1403,-4.1869,4.468,5.7638,535.1331,1.3135,-0.5889
1404,-1.8679,-5.0225,0.6097,554.0196,-2.1772,0.7453
1405,-6.4059,2.2165,2.7288,705.9124,3.8983,-0.9239
1406,-8.1359,-0.6479,8.9482,412.4659,2.1831,2.8934
1407,1.304,3.4335,11.9111,578.1465,3.1651,2.2424
1408,,7.1236,1.9187,361.7423,-3.5446,3.8345
1409,-3.017,0.9944,5.5713,439.824,3.1351,-0.0417
1410,-6.2306,6.2755,2.3545,608.0336,-3.1769,5.8604
1411,-3.2391,-23.80657083627831,9.6375,143.3645,-2.4093,3.1415
1412,-2.531,-3.7186,8.9478,365.3087,-4.4029,2.5407
1413,0.0463,-10.8355,5.8767,376.8742,3.1406,-3.3106
1414,2.5962,4.5084,2.263,643.9244,-4.721,4.8887
1415,-2.3864,-5.1107,4.1584,364.0673,-2.6391,1.047
1416,-6.4876,10.1337,2.9889,259.2794,2.6926,0.2148
1417,1.6924,12.8853,0.2962,649.6931,-3.7027,7.1679
1418,-5.7675,3.5817,1.7614,531.1758,-3.5198,-0.4128
1419,-6.1277,2.886,17.4323,388.0155,-4.1112,-3.6275
1420,-4.6751,5.4259,9.3963,472.6637,-3.2122,1.0329
1421,-7.9341,-2.3702,3.2901,371.0843,2.4651,2.3729
1422,-3.9121,-3.6645,4.3293,170.9528,-2.9708,2.4041
1423,-8.3828,-1.6685,3.5988,533.7756,3.0854,3.357
1424,-6.8611,6.3193,1.6783,808.2215,-2.5732,5.6361
1425,-5.3014,-0.8881,5.8172,414.9994,2.1527,1.736
1426,-1.1295,10.5962,1.1948,488.242,-3.2032,2.4753
1427,-7.3477,1.3201,4.6177,381.5971,3.7275,-1.2564
1428,-4.8319,4.8406,9.3946,484.0802,-3.414,0.5132
1429,-4.5209,6.8103,5.9951,194.233,3.0045,1.4227
1430,-6.9271,-5.4349,2.1868,461.047,-3.6912,-4.761
1431,-4.4998,-7.6281,3.2642,514.5347,-1.7825,-3.77
1432,-7.4061,-0.5006,1.5555,682.2598,-2.8501,3.4425
1433,-5.4618,-2.5295,1.2153,480.9518,-4.1712,1.8032
1434,2.1934,1.9896,2.4103,537.5645,-1.6031,2.5687
1435,-3.8353,-6.5129,7.6597,629.6877,1.9559,-0.8892
1436,-8.6794,0.5439,2.1762,146.2304,2.429,-1.9573
1437,,-2.8641,6.1564,471.6229,4.3171,1.5609
1438,-3.6023,-1.3796,10.0537,630.8135,-2.5835,-0.5139
1439,-0.8946,0.3637,1.6267,379.5373,-3.6903,-1.2244
1440,-1.8386,-6.1439,5.2742,635.1668,3.6432,0.8569
1441,-7.7936,0.472,5.0155,483.4398,4.821,0.3384
1442,-8.3201,10.8362,5.0633,480.323,2.942,4.9786
1443,-7.7696,-1.2607,1.5772,530.1236,-2.9424,2.3018
1444,-5.226,-0.4051,4.5507,430.6056,3.4634,0.6195
1445,-1.6892,-3.9366,1.9513,380.0386,-4.4127,-0.0546
1446,-5.3049,3.6804,9.5004,473.9278,-2.6802,-0.735
1447,-6.0664,-7.536,4.1131,666.1735,-1.3045,-3.7848
1448,-6.2267,-4.8671,0.9287,438.737,4.4043,-2.4344
1449,-2.7641,-3.5112,4.685,524.8423,3.0207,0.9482
1450,0.264,-10.4593,5.006,727.4433,2.934,-2.9278
1451,-2.5086,8.7557,5.4355,566.8564,-2.0562,0.6134
1452,-6.3729,-3.5565,1.3225,643.888,-1.4917,2.915
1453,-7.2724,6.0535,8.3782,493.1434,2.8115,6.0964
1454,-6.5644,0.6549,0.6237,455.3157,2.7105,-1.7579
1455,-4.3606,-1.2693,2.8763,506.4806,-2.4893,0.7532
1456,-6.4926,4.4927,3.0276,662.8508,-2.7094,1.9466
1457,0.5841,3.9996,0.9296,604.4285,-1.6942,2.9783
1458,-5.2006,0.2868,6.8412,560.2308,-3.1346,-0.6299
1459,-7.4866,1.4962,2.8742,705.012,-2.9831,-1.2916
1460,-4.5849,2.1998,6.571,570.1362,-1.5777,-2.1878
1461,-4.6548,4.2609,3.9471,713.0407,4.8717,-0.6754
1462,-5.8724,4.1344,7.9072,698.1817,-2.4273,-2.4207
1463,-4.6789,-24.09317801650887,9.5014,447.7358,4.5027,-12.4474
1464,-4.223,4.6921,5.499,578.8916,3.871,-0.6671
1465,-3.7668,4.0283,7.6168,372.5874,-1.553,-0.5467
1466,1.0049,1.8818,6.2951,683.6958,1.7268,0.2482
1467,-9.8926,-2.1443,1.7959,448.8153,3.8488,1.6642
1468,-8.379,-7.207,1.5694,607.3866,2.2741,-1.2894
1469,-6.5967,-4.0578,10.9262,348.8057,3.1677,1.561
1470,-4.7705,-1.0985,1.7726,767.21,-4.3212,2.7228
1471,-7.7741,4.4478,15.8545,220.773,3.7265,0.4493
1472,-0.1216,9.3069,2.0236,640.7617,-3.1706,3.4283
1473,-3.1922,0.8225,5.9863,688.3906,4.3039,-1.2501
1474,-4.1624,1.0557,5.2846,382.6188,-2.5717,-0.5571
1475,-2.4565,-0.2891,1.1544,720.7101,3.4235,2.0138
1476,-2.4306,-2.983,2.9834,350.3363,1.3907,0.3451
1477,-7.5299,-22.943088530304042,7.5049,556.362,-2.1834,-13.2599
1478,-6.7189,-9.4367,2.2175,547.3579,1.6994,-3.8626
1479,-1.2688,10.0005,26.1952,632.073,-1.9135,-0.7465
1480,-5.2597,-0.0893,3.3693,611.3315,-1.8025,0.7712
1481,-3.7029,9.8964,13.6696,401.3063,2.4099,4.8388
1482,-0.2553,-7.2245,3.6455,525.4397,1.7169,-2.1166
1483,-6.856,-4.1207,1.4467,189.459,-0.828,-1.107
1484,-5.0151,-0.3415,2.8769,595.6847,-2.8796,1.8168
1485,-6.8946,-2.5647,13.9542,673.5206,4.5328,2.3799
1486,-8.1086,5.9078,4.7481,594.7851,-2.0386,6.2062
1487,2.4094,2.3927,0.6338,618.5524,2.5716,3.376
1488,-3.7759,1.9421,4.2308,574.8372,2.2872,-0.9161
1489,-8.6029,-5.5163,1.9876,623.1363,2.7403,-2.9803
1490,-0.9035,-8.5898,3.635,551.1297,3.5913,-1.3078
1491,-6.9483,-1.7634,8.9536,558.8067,-3.0791,1.1345
1492,-8.3461,-2.3651,15.0232,556.9415,-3.6581,1.7376
1493,1.4592,2.8585,5.2685,576.0204,4.7742,2.0588
1494,-2.0304,-6.4837,4.2303,628.1941,-3.0609,1.3633
1495,-3.1459,-8.6312,6.0078,203.1005,-1.7204,1.2945
1496,-6.6097,2.2959,7.9811,504.9254,3.899,-1.5371
1497,-6.3414,4.0723,6.8723,117.4961,1.4523,0.5672
1498,-3.7838,6.5012,5.6102,331.3217,-2.7424,0.1244
1499,1.0057,4.3179,7.982,617.8224,-2.8197,1.4453
1500,-0.0677,1.5008,6.6079,503.0041,3.6081,1.1739
1501,-2.011,-1.6688,2.5595,694.7812,1.8454,1.8852
1502,-3.2494,-1.2602,13.7862,268.31,-2.7546,1.2769
1503,-3.3516,-2.475,9.0806,773.3695,3.8888,0.7129
1504,-4.1207,-5.9618,6.6558,845.6135,-3.1611,0.0212
1505,-8.2168,-1.1664,2.0668,382.8793,3.9583,1.4324
1506,-5.5435,3.709,0.223,307.3442,-3.1291,-3.1812
1507,-2.7837,-3.04,2.8754,522.2086,3.3326,1.007
1508,-6.8086,0.8844,3.7119,726.6925,-2.2061,0.0511
1509,-4.4146,0.5773,14.3594,589.4013,-2.1072,-0.6927
1510,-2.7918,-7.4672,5.4998,588.3248,-2.9905,-0.4353
1511,,0.8092,8.0231,395.2289,0.633,0.7868
1512,-1.7238,-2.654,3.8097,485.9232,3.9626,0.2414
1513,-4.8855,0.7992,4.4198,521.2984,-4.3703,0.1448
1514,-2.8242,3.0955,6.1152,298.8305,-2.9376,-0.2601
1515,-5.5841,9.1648,6.6733,383.6776,-3.1786,6.6761
1516,-5.8766,-1.0205,0.423,670.8366,2.97,2.8064
1517,-4.9739,1.7405,7.3985,567.8745,-4.6197,-1.7698
1518,-2.6755,6.888,10.4458,624.8138,-2.6895,-2.3899
1519,-4.3445,-8.8686,10.841,369.0858,3.6591,-3.2727
1520,-9.2828,-2.4616,7.1942,550.1413,3.157,1.8037
1521,-3.4018,1.7129,11.5822,542.3001,-1.4709,-1.6608
1522,-2.3517,-0.9049,4.5474,292.5473,-2.9893,0.3499
1523,-0.4452,7.5916,1.4084,421.6949,2.7784,0.8195
1524,-9.8545,-8.0031,1.737,391.7455,-3.5616,-0.1509
1525,-3.2896,3.143,0.3612,660.1202,-3.2191,-0.1218
1526,-6.6264,0.4974,1.4564,607.7735,2.1697,0.5891
1527,-6.478,3.8172,6.841,815.8785,4.2281,-2.1617
1528,-5.2708,0.5792,8.5744,715.9931,-0.9653,-1.9462
1529,3.8242,-4.5291,2.8527,274.2401,-3.7815,-4.811
1530,2.1913,-6.8232,5.0136,577.5815,-1.8651,-5.7803
1531,-5.8453,8.6983,4.0877,458.2123,-2.2379,7.134
1532,-6.6052,-6.317,2.9818,310.2667,-3.6049,-3.7203
1533,-5.7799,6.3098,6.6763,392.0791,-2.9797,4.8164
1534,-4.5129,5.3138,8.2672,611.778,-2.7562,-1.0315
1535,-5.6181,-1.2592,4.8579,375.0488,2.6637,1.8399
1536,-2.1852,7.4223,3.9021,431.997,-2.3482,-0.0047
1537,-5.8485,1.7044,4.1026,516.6633,-1.2447,-1.9125
1538,-4.7671,4.7578,11.7234,418.4135,2.1581,0.0472
1539,-2.8147,1.2862,3.0286,343.717,4.2649,-1.9241
1540,-1.3711,0.5156,6.4137,552.1085,2.813,-0.5441
1541,-5.3801,4.0279,1.8164,465.3934,-2.1145,-0.6471
1542,-5.7346,-1.4594,3.1625,446.2331,4.1185,1.4437
1543,-5.0924,2.9355,8.5931,623.7003,-3.9907,-3.2314
1544,0.2233,-11.5282,1.4843,485.0674,-4.0092,-6.7434
1545,-5.5138,11.0426,3.6598,505.0351,4.2821,6.7589
1546,-3.9861,7.3268,3.9457,406.8002,-3.75,2.0268
1547,-4.4492,-2.385,1.92,366.8056,-2.4806,0.6128
1548,-8.2013,-0.2405,1.0528,502.8828,-1.8075,0.6899
1549,-7.9662,-3.1873,5.9624,456.3468,-1.6458,1.6002
1550,-4.9074,8.9887,1.6856,263.0982,2.7549,2.8437
1551,-8.7253,-0.0864,4.033,434.2213,-5.5431,0.621
1552,-5.4695,4.3811,10.77,351.6268,-2.6087,0.2522
1553,-3.0416,4.3242,4.3965,833.0483,-2.1759,-1.842
1554,-7.8308,-1.2833,9.3746,324.2775,-3.9436,4.609
1555,-2.6405,-8.4045,1.1896,434.721,4.7227,-1.8984
1556,-5.9195,-4.9982,1.0034,508.2812,-3.751,-1.9427
1557,-3.3864,-5.585,10.1921,570.6303,-3.4297,-0.3193
1558,-3.9608,4.1046,1.4938,539.0984,-3.3398,-0.6097
1559,-6.5454,4.681,0.7004,506.1769,-3.3537,2.7398
1560,-3.4713,-6.8879,3.3756,761.2075,-2.9679,1.7693
1561,-5.3429,-5.039,3.6628,473.0705,3.7715,-0.8821
1562,-3.4181,-1.9638,8.6663,472.902,-3.1709,1.4309
1563,-6.5847,8.1556,5.0939,261.7659,-1.5426,4.4877
1564,-5.2886,4.6309,15.6279,465.996,1.4272,-0.7093
1565,,3.6409,5.1672,494.3423,2.8696,3.0759
1566,-7.3643,4.2857,3.7314,463.6225,-4.221,2.4821
1567,-4.4182,-0.1743,3.263,497.6333,-2.1302,0.5019
1568,-3.8524,4.506,5.4112,436.6991,4.4534,-0.7711
1569,-7.2515,0.37,4.9199,,-0.9392,-0.1023
1570,-8.8253,-0.1618,6.4901,400.5256,-2.8097,1.6384
1571,-2.6349,1.272,3.3475,227.56,4.5525,-1.4438
1572,-8.6102,7.7099,2.8273,521.0763,-3.1093,3.312
1573,-3.2531,1.5978,4.4224,535.4813,-3.5937,-1.339
1574,1.2462,7.6136,2.9421,404.5702,-3.3525,4.2218
1575,-9.2265,2.7875,1.7721,701.8813,-4.3511,0.001
1576,-2.6348,8.2637,1.8101,525.1522,-3.3912,1.8242
1577,-6.0923,-7.7747,2.5978,721.5116,2.4199,-2.979
1578,-5.8961,-7.3144,0.654,180.0223,2.5807,-5.2535
1579,-6.1085,1.6456,2.0322,493.6327,1.4161,-1.2856
1580,-2.0016,3.3288,7.9294,477.5051,2.092,-0.0738
1581,-4.1637,2.7471,7.9796,585.0996,3.2386,-3.3015
1582,-7.2183,-9.4283,8.9775,428.5701,1.9965,-1.6151
1583,-3.7729,-25.14653448894964,8.6859,526.8073,3.0526,-12.5299
1584,1.3788,-3.4116,6.4092,405.8808,-2.9053,-2.0549
1585,-0.285,-2.0617,9.9022,535.7849,3.5374,-1.927
1586,-6.89,-8.1076,1.5802,141.2027,4.5749,-4.0149
1587,-7.1571,-9.8245,4.3022,497.6468,2.7309,-2.7907
1588,-7.3442,-10.1041,5.8974,393.9885,-3.0826,0.5419
1589,-1.235,-1.7957,5.7095,252.1847,-4.253,0.9879
1590,3.6331,-3.1541,6.7258,610.4341,2.1982,-4.4286
1591,-6.2293,-1.1555,3.6761,653.5554,-4.2759,2.0569
1592,-0.467,9.42,6.4401,490.5354,2.1997,3.4005
1593,,2.7328,8.5554,528.7883,0.124,-0.469
1594,-5.0069,13.5681,0.6571,614.1789,2.5315,4.1891
1595,0.3556,4.8448,2.9064,575.6141,-3.3888,2.9095
1596,-6.2917,1.1455,1.4423,513.8572,-3.0382,-1.6401
1597,-7.0135,1.5134,8.0465,697.4149,-3.6689,-3.167
1598,-4.2397,7.0794,4.0513,536.9177,-3.8715,3.1802
1599,0.4317,-4.0409,1.7871,477.3051,-3.9654,-2.7886
1600,-2.76,4.1713,3.029,681.7459,3.3955,-1.1552
